2025-04-15 10:05:10,173 [Worker-3: Loading available Gradle versions] INFO  o.e.b.c.i.u.g.PublishedGradleVersions - Gradle version information cache is out-of-date. Trying to update.
2025-04-15 10:21:03,635 [Worker-13: Auto share git projects] WARN  org.eclipse.jgit.util.FS - C:\Program Files\Git\etc\.probe-7248cc58-a251-4f09-a2f1-7356a9d1e3b7
java.nio.file.AccessDeniedException: C:\Program Files\Git\etc\.probe-7248cc58-a251-4f09-a2f1-7356a9d1e3b7
	at sun.nio.fs.WindowsException.translateToIOException(WindowsException.java:83) ~[na:1.8.0_442]
	at sun.nio.fs.WindowsException.rethrowAsIOException(WindowsException.java:97) ~[na:1.8.0_442]
	at sun.nio.fs.WindowsException.rethrowAsIOException(WindowsException.java:102) ~[na:1.8.0_442]
	at sun.nio.fs.WindowsFileSystemProvider.newByteChannel(WindowsFileSystemProvider.java:230) ~[na:1.8.0_442]
	at java.nio.file.Files.newByteChannel(Files.java:361) ~[na:1.8.0_442]
	at java.nio.file.Files.createFile(Files.java:632) ~[na:1.8.0_442]
	at org.eclipse.jgit.util.FS$FileStoreAttributeCache.<init>(FS.java:234) ~[org.eclipse.jgit_5.4.0.201906121030-r.jar:5.4.0.201906121030-r]
	at org.eclipse.jgit.util.FS$FileStoreAttributeCache.getFsTimestampResolution(FS.java:211) ~[org.eclipse.jgit_5.4.0.201906121030-r.jar:5.4.0.201906121030-r]
	at org.eclipse.jgit.util.FS.getFsTimerResolution(FS.java:321) [org.eclipse.jgit_5.4.0.201906121030-r.jar:5.4.0.201906121030-r]
	at org.eclipse.jgit.internal.storage.file.FileSnapshot.<init>(FileSnapshot.java:186) [org.eclipse.jgit_5.4.0.201906121030-r.jar:5.4.0.201906121030-r]
	at org.eclipse.jgit.internal.storage.file.FileSnapshot.save(FileSnapshot.java:122) [org.eclipse.jgit_5.4.0.201906121030-r.jar:5.4.0.201906121030-r]
	at org.eclipse.jgit.storage.file.FileBasedConfig.load(FileBasedConfig.java:156) [org.eclipse.jgit_5.4.0.201906121030-r.jar:5.4.0.201906121030-r]
	at org.eclipse.jgit.internal.storage.file.FileRepository.loadSystemConfig(FileRepository.java:245) [org.eclipse.jgit_5.4.0.201906121030-r.jar:5.4.0.201906121030-r]
	at org.eclipse.jgit.internal.storage.file.FileRepository.<init>(FileRepository.java:203) [org.eclipse.jgit_5.4.0.201906121030-r.jar:5.4.0.201906121030-r]
	at org.eclipse.jgit.storage.file.FileRepositoryBuilder.build(FileRepositoryBuilder.java:88) [org.eclipse.jgit_5.4.0.201906121030-r.jar:5.4.0.201906121030-r]
	at org.eclipse.jgit.storage.file.FileRepositoryBuilder.create(FileRepositoryBuilder.java:108) [org.eclipse.jgit_5.4.0.201906121030-r.jar:5.4.0.201906121030-r]
	at org.eclipse.egit.core.RepositoryCache.lookupRepository(RepositoryCache.java:58) [org.eclipse.egit.core_5.4.0.201906121030-r.jar:na]
	at org.eclipse.egit.core.project.GitProjectData.map(GitProjectData.java:693) [org.eclipse.egit.core_5.4.0.201906121030-r.jar:na]
	at org.eclipse.egit.core.project.GitProjectData.remapAll(GitProjectData.java:651) [org.eclipse.egit.core_5.4.0.201906121030-r.jar:na]
	at org.eclipse.egit.core.project.GitProjectData.setRepositoryMappings(GitProjectData.java:465) [org.eclipse.egit.core_5.4.0.201906121030-r.jar:na]
	at org.eclipse.egit.core.op.ConnectProviderOperation.connectProject(ConnectProviderOperation.java:153) [org.eclipse.egit.core_5.4.0.201906121030-r.jar:na]
	at org.eclipse.egit.core.op.ConnectProviderOperation.execute(ConnectProviderOperation.java:111) [org.eclipse.egit.core_5.4.0.201906121030-r.jar:na]
	at org.eclipse.egit.core.internal.job.JobUtil$1.run(JobUtil.java:55) [org.eclipse.egit.core_5.4.0.201906121030-r.jar:na]
	at org.eclipse.core.internal.jobs.Worker.run(Worker.java:63) [org.eclipse.core.jobs_3.10.400.v20190506-1457.jar:na]
2025-04-16 10:04:06,462 [Worker-5: Loading available Gradle versions] INFO  o.e.b.c.i.u.g.PublishedGradleVersions - Gradle version information cache is up-to-date. Trying to read.
2025-04-16 10:04:11,106 [Worker-6: Decoration Calculation] WARN  org.eclipse.jgit.util.FS - C:\Program Files\Git\etc\.probe-40651929-3463-4b12-badc-41af9bdac433
java.nio.file.AccessDeniedException: C:\Program Files\Git\etc\.probe-40651929-3463-4b12-badc-41af9bdac433
	at sun.nio.fs.WindowsException.translateToIOException(WindowsException.java:83) ~[na:1.8.0_442]
	at sun.nio.fs.WindowsException.rethrowAsIOException(WindowsException.java:97) ~[na:1.8.0_442]
	at sun.nio.fs.WindowsException.rethrowAsIOException(WindowsException.java:102) ~[na:1.8.0_442]
	at sun.nio.fs.WindowsFileSystemProvider.newByteChannel(WindowsFileSystemProvider.java:230) ~[na:1.8.0_442]
	at java.nio.file.Files.newByteChannel(Files.java:361) ~[na:1.8.0_442]
	at java.nio.file.Files.createFile(Files.java:632) ~[na:1.8.0_442]
	at org.eclipse.jgit.util.FS$FileStoreAttributeCache.<init>(FS.java:234) ~[org.eclipse.jgit_5.4.0.201906121030-r.jar:5.4.0.201906121030-r]
	at org.eclipse.jgit.util.FS$FileStoreAttributeCache.getFsTimestampResolution(FS.java:211) ~[org.eclipse.jgit_5.4.0.201906121030-r.jar:5.4.0.201906121030-r]
	at org.eclipse.jgit.util.FS.getFsTimerResolution(FS.java:321) [org.eclipse.jgit_5.4.0.201906121030-r.jar:5.4.0.201906121030-r]
	at org.eclipse.jgit.internal.storage.file.FileSnapshot.<init>(FileSnapshot.java:186) [org.eclipse.jgit_5.4.0.201906121030-r.jar:5.4.0.201906121030-r]
	at org.eclipse.jgit.internal.storage.file.FileSnapshot.save(FileSnapshot.java:122) [org.eclipse.jgit_5.4.0.201906121030-r.jar:5.4.0.201906121030-r]
	at org.eclipse.jgit.storage.file.FileBasedConfig.load(FileBasedConfig.java:156) [org.eclipse.jgit_5.4.0.201906121030-r.jar:5.4.0.201906121030-r]
	at org.eclipse.jgit.internal.storage.file.FileRepository.loadSystemConfig(FileRepository.java:245) [org.eclipse.jgit_5.4.0.201906121030-r.jar:5.4.0.201906121030-r]
	at org.eclipse.jgit.internal.storage.file.FileRepository.<init>(FileRepository.java:203) [org.eclipse.jgit_5.4.0.201906121030-r.jar:5.4.0.201906121030-r]
	at org.eclipse.jgit.storage.file.FileRepositoryBuilder.build(FileRepositoryBuilder.java:88) [org.eclipse.jgit_5.4.0.201906121030-r.jar:5.4.0.201906121030-r]
	at org.eclipse.jgit.storage.file.FileRepositoryBuilder.create(FileRepositoryBuilder.java:108) [org.eclipse.jgit_5.4.0.201906121030-r.jar:5.4.0.201906121030-r]
	at org.eclipse.egit.core.RepositoryCache.lookupRepository(RepositoryCache.java:58) [org.eclipse.egit.core_5.4.0.201906121030-r.jar:na]
	at org.eclipse.egit.core.project.GitProjectData.map(GitProjectData.java:693) [org.eclipse.egit.core_5.4.0.201906121030-r.jar:na]
	at org.eclipse.egit.core.project.GitProjectData.remapAll(GitProjectData.java:651) [org.eclipse.egit.core_5.4.0.201906121030-r.jar:na]
	at org.eclipse.egit.core.project.GitProjectData.load(GitProjectData.java:634) [org.eclipse.egit.core_5.4.0.201906121030-r.jar:na]
	at org.eclipse.egit.core.project.GitProjectData.get(GitProjectData.java:220) [org.eclipse.egit.core_5.4.0.201906121030-r.jar:na]
	at org.eclipse.egit.core.project.RepositoryMapping.getProjectData(RepositoryMapping.java:335) [org.eclipse.egit.core_5.4.0.201906121030-r.jar:na]
	at org.eclipse.egit.core.project.RepositoryMapping.findMapping(RepositoryMapping.java:356) [org.eclipse.egit.core_5.4.0.201906121030-r.jar:na]
	at org.eclipse.egit.core.project.RepositoryMapping.getMapping(RepositoryMapping.java:296) [org.eclipse.egit.core_5.4.0.201906121030-r.jar:na]
	at org.eclipse.egit.core.internal.util.ResourceUtil.getRepository(ResourceUtil.java:712) [org.eclipse.egit.core_5.4.0.201906121030-r.jar:na]
	at org.eclipse.egit.ui.internal.resources.ResourceStateFactory.getIndexDiffDataOrNull(ResourceStateFactory.java:103) [org.eclipse.egit.ui_5.4.0.201906121030-r.jar:na]
	at org.eclipse.egit.ui.internal.decorators.GitLightweightDecorator.decorateResource(GitLightweightDecorator.java:224) [org.eclipse.egit.ui_5.4.0.201906121030-r.jar:na]
	at org.eclipse.egit.ui.internal.decorators.GitLightweightDecorator.decorate(GitLightweightDecorator.java:201) [org.eclipse.egit.ui_5.4.0.201906121030-r.jar:na]
	at org.eclipse.ui.internal.decorators.LightweightDecoratorDefinition.decorate(LightweightDecoratorDefinition.java:247) [org.eclipse.ui.workbench_3.115.0.v20190521-1602.jar:na]
	at org.eclipse.ui.internal.decorators.LightweightDecoratorManager$LightweightRunnable.run(LightweightDecoratorManager.java:105) [org.eclipse.ui.workbench_3.115.0.v20190521-1602.jar:na]
	at org.eclipse.core.runtime.SafeRunner.run(SafeRunner.java:45) [org.eclipse.equinox.common_3.10.400.v20190516-1504.jar:na]
	at org.eclipse.ui.internal.decorators.LightweightDecoratorManager.decorate(LightweightDecoratorManager.java:360) [org.eclipse.ui.workbench_3.115.0.v20190521-1602.jar:na]
	at org.eclipse.ui.internal.decorators.LightweightDecoratorManager.getDecorations(LightweightDecoratorManager.java:346) [org.eclipse.ui.workbench_3.115.0.v20190521-1602.jar:na]
	at org.eclipse.ui.internal.decorators.DecorationScheduler$1.ensureResultCached(DecorationScheduler.java:333) [org.eclipse.ui.workbench_3.115.0.v20190521-1602.jar:na]
	at org.eclipse.ui.internal.decorators.DecorationScheduler$1.run(DecorationScheduler.java:300) [org.eclipse.ui.workbench_3.115.0.v20190521-1602.jar:na]
	at org.eclipse.core.internal.jobs.Worker.run(Worker.java:63) [org.eclipse.core.jobs_3.10.400.v20190506-1457.jar:na]
2025-04-16 14:05:20,424 [Worker-5: Loading available Gradle versions] INFO  o.e.b.c.i.u.g.PublishedGradleVersions - Gradle version information cache is out-of-date. Trying to update.
2025-04-16 14:05:22,272 [Worker-2: Decoration Calculation] WARN  org.eclipse.jgit.util.FS - C:\Program Files\Git\etc\.probe-1ac64f75-6df0-4be7-bff1-67c5ed9adaf6
java.nio.file.AccessDeniedException: C:\Program Files\Git\etc\.probe-1ac64f75-6df0-4be7-bff1-67c5ed9adaf6
	at sun.nio.fs.WindowsException.translateToIOException(WindowsException.java:83) ~[na:1.8.0_442]
	at sun.nio.fs.WindowsException.rethrowAsIOException(WindowsException.java:97) ~[na:1.8.0_442]
	at sun.nio.fs.WindowsException.rethrowAsIOException(WindowsException.java:102) ~[na:1.8.0_442]
	at sun.nio.fs.WindowsFileSystemProvider.newByteChannel(WindowsFileSystemProvider.java:230) ~[na:1.8.0_442]
	at java.nio.file.Files.newByteChannel(Files.java:361) ~[na:1.8.0_442]
	at java.nio.file.Files.createFile(Files.java:632) ~[na:1.8.0_442]
	at org.eclipse.jgit.util.FS$FileStoreAttributeCache.<init>(FS.java:234) ~[org.eclipse.jgit_5.4.0.201906121030-r.jar:5.4.0.201906121030-r]
	at org.eclipse.jgit.util.FS$FileStoreAttributeCache.getFsTimestampResolution(FS.java:211) ~[org.eclipse.jgit_5.4.0.201906121030-r.jar:5.4.0.201906121030-r]
	at org.eclipse.jgit.util.FS.getFsTimerResolution(FS.java:321) [org.eclipse.jgit_5.4.0.201906121030-r.jar:5.4.0.201906121030-r]
	at org.eclipse.jgit.internal.storage.file.FileSnapshot.<init>(FileSnapshot.java:186) [org.eclipse.jgit_5.4.0.201906121030-r.jar:5.4.0.201906121030-r]
	at org.eclipse.jgit.internal.storage.file.FileSnapshot.save(FileSnapshot.java:122) [org.eclipse.jgit_5.4.0.201906121030-r.jar:5.4.0.201906121030-r]
	at org.eclipse.jgit.storage.file.FileBasedConfig.load(FileBasedConfig.java:156) [org.eclipse.jgit_5.4.0.201906121030-r.jar:5.4.0.201906121030-r]
	at org.eclipse.jgit.internal.storage.file.FileRepository.loadSystemConfig(FileRepository.java:245) [org.eclipse.jgit_5.4.0.201906121030-r.jar:5.4.0.201906121030-r]
	at org.eclipse.jgit.internal.storage.file.FileRepository.<init>(FileRepository.java:203) [org.eclipse.jgit_5.4.0.201906121030-r.jar:5.4.0.201906121030-r]
	at org.eclipse.jgit.storage.file.FileRepositoryBuilder.build(FileRepositoryBuilder.java:88) [org.eclipse.jgit_5.4.0.201906121030-r.jar:5.4.0.201906121030-r]
	at org.eclipse.jgit.storage.file.FileRepositoryBuilder.create(FileRepositoryBuilder.java:108) [org.eclipse.jgit_5.4.0.201906121030-r.jar:5.4.0.201906121030-r]
	at org.eclipse.egit.core.RepositoryCache.lookupRepository(RepositoryCache.java:58) [org.eclipse.egit.core_5.4.0.201906121030-r.jar:na]
	at org.eclipse.egit.core.project.GitProjectData.map(GitProjectData.java:693) [org.eclipse.egit.core_5.4.0.201906121030-r.jar:na]
	at org.eclipse.egit.core.project.GitProjectData.remapAll(GitProjectData.java:651) [org.eclipse.egit.core_5.4.0.201906121030-r.jar:na]
	at org.eclipse.egit.core.project.GitProjectData.load(GitProjectData.java:634) [org.eclipse.egit.core_5.4.0.201906121030-r.jar:na]
	at org.eclipse.egit.core.project.GitProjectData.get(GitProjectData.java:220) [org.eclipse.egit.core_5.4.0.201906121030-r.jar:na]
	at org.eclipse.egit.core.GitProvider.getData(GitProvider.java:108) [org.eclipse.egit.core_5.4.0.201906121030-r.jar:na]
	at org.eclipse.egit.core.project.RepositoryMapping.getProjectData(RepositoryMapping.java:340) [org.eclipse.egit.core_5.4.0.201906121030-r.jar:na]
	at org.eclipse.egit.core.project.RepositoryMapping.findMapping(RepositoryMapping.java:356) [org.eclipse.egit.core_5.4.0.201906121030-r.jar:na]
	at org.eclipse.egit.core.project.RepositoryMapping.getMapping(RepositoryMapping.java:296) [org.eclipse.egit.core_5.4.0.201906121030-r.jar:na]
	at org.eclipse.egit.core.internal.util.ResourceUtil.getRepository(ResourceUtil.java:712) [org.eclipse.egit.core_5.4.0.201906121030-r.jar:na]
	at org.eclipse.egit.ui.internal.resources.ResourceStateFactory.getIndexDiffDataOrNull(ResourceStateFactory.java:103) [org.eclipse.egit.ui_5.4.0.201906121030-r.jar:na]
	at org.eclipse.egit.ui.internal.decorators.GitLightweightDecorator.decorateResource(GitLightweightDecorator.java:224) [org.eclipse.egit.ui_5.4.0.201906121030-r.jar:na]
	at org.eclipse.egit.ui.internal.decorators.GitLightweightDecorator.decorate(GitLightweightDecorator.java:201) [org.eclipse.egit.ui_5.4.0.201906121030-r.jar:na]
	at org.eclipse.ui.internal.decorators.LightweightDecoratorDefinition.decorate(LightweightDecoratorDefinition.java:247) [org.eclipse.ui.workbench_3.115.0.v20190521-1602.jar:na]
	at org.eclipse.ui.internal.decorators.LightweightDecoratorManager$LightweightRunnable.run(LightweightDecoratorManager.java:105) [org.eclipse.ui.workbench_3.115.0.v20190521-1602.jar:na]
	at org.eclipse.core.runtime.SafeRunner.run(SafeRunner.java:45) [org.eclipse.equinox.common_3.10.400.v20190516-1504.jar:na]
	at org.eclipse.ui.internal.decorators.LightweightDecoratorManager.decorate(LightweightDecoratorManager.java:360) [org.eclipse.ui.workbench_3.115.0.v20190521-1602.jar:na]
	at org.eclipse.ui.internal.decorators.LightweightDecoratorManager.getDecorations(LightweightDecoratorManager.java:346) [org.eclipse.ui.workbench_3.115.0.v20190521-1602.jar:na]
	at org.eclipse.ui.internal.decorators.DecorationScheduler$1.ensureResultCached(DecorationScheduler.java:333) [org.eclipse.ui.workbench_3.115.0.v20190521-1602.jar:na]
	at org.eclipse.ui.internal.decorators.DecorationScheduler$1.run(DecorationScheduler.java:300) [org.eclipse.ui.workbench_3.115.0.v20190521-1602.jar:na]
	at org.eclipse.core.internal.jobs.Worker.run(Worker.java:63) [org.eclipse.core.jobs_3.10.400.v20190506-1457.jar:na]
2025-04-17 10:04:12,525 [Worker-6: Loading available Gradle versions] INFO  o.e.b.c.i.u.g.PublishedGradleVersions - Gradle version information cache is up-to-date. Trying to read.
2025-04-17 10:04:17,253 [Worker-3: Decoration Calculation] WARN  org.eclipse.jgit.util.FS - C:\Program Files\Git\etc\.probe-cd858df8-4cf5-4914-88e3-deb65d9e2073
java.nio.file.AccessDeniedException: C:\Program Files\Git\etc\.probe-cd858df8-4cf5-4914-88e3-deb65d9e2073
	at sun.nio.fs.WindowsException.translateToIOException(WindowsException.java:83) ~[na:1.8.0_442]
	at sun.nio.fs.WindowsException.rethrowAsIOException(WindowsException.java:97) ~[na:1.8.0_442]
	at sun.nio.fs.WindowsException.rethrowAsIOException(WindowsException.java:102) ~[na:1.8.0_442]
	at sun.nio.fs.WindowsFileSystemProvider.newByteChannel(WindowsFileSystemProvider.java:230) ~[na:1.8.0_442]
	at java.nio.file.Files.newByteChannel(Files.java:361) ~[na:1.8.0_442]
	at java.nio.file.Files.createFile(Files.java:632) ~[na:1.8.0_442]
	at org.eclipse.jgit.util.FS$FileStoreAttributeCache.<init>(FS.java:234) ~[org.eclipse.jgit_5.4.0.201906121030-r.jar:5.4.0.201906121030-r]
	at org.eclipse.jgit.util.FS$FileStoreAttributeCache.getFsTimestampResolution(FS.java:211) ~[org.eclipse.jgit_5.4.0.201906121030-r.jar:5.4.0.201906121030-r]
	at org.eclipse.jgit.util.FS.getFsTimerResolution(FS.java:321) [org.eclipse.jgit_5.4.0.201906121030-r.jar:5.4.0.201906121030-r]
	at org.eclipse.jgit.internal.storage.file.FileSnapshot.<init>(FileSnapshot.java:186) [org.eclipse.jgit_5.4.0.201906121030-r.jar:5.4.0.201906121030-r]
	at org.eclipse.jgit.internal.storage.file.FileSnapshot.save(FileSnapshot.java:122) [org.eclipse.jgit_5.4.0.201906121030-r.jar:5.4.0.201906121030-r]
	at org.eclipse.jgit.storage.file.FileBasedConfig.load(FileBasedConfig.java:156) [org.eclipse.jgit_5.4.0.201906121030-r.jar:5.4.0.201906121030-r]
	at org.eclipse.jgit.internal.storage.file.FileRepository.loadSystemConfig(FileRepository.java:245) [org.eclipse.jgit_5.4.0.201906121030-r.jar:5.4.0.201906121030-r]
	at org.eclipse.jgit.internal.storage.file.FileRepository.<init>(FileRepository.java:203) [org.eclipse.jgit_5.4.0.201906121030-r.jar:5.4.0.201906121030-r]
	at org.eclipse.jgit.storage.file.FileRepositoryBuilder.build(FileRepositoryBuilder.java:88) [org.eclipse.jgit_5.4.0.201906121030-r.jar:5.4.0.201906121030-r]
	at org.eclipse.jgit.storage.file.FileRepositoryBuilder.create(FileRepositoryBuilder.java:108) [org.eclipse.jgit_5.4.0.201906121030-r.jar:5.4.0.201906121030-r]
	at org.eclipse.egit.core.RepositoryCache.lookupRepository(RepositoryCache.java:58) [org.eclipse.egit.core_5.4.0.201906121030-r.jar:na]
	at org.eclipse.egit.core.project.GitProjectData.map(GitProjectData.java:693) [org.eclipse.egit.core_5.4.0.201906121030-r.jar:na]
	at org.eclipse.egit.core.project.GitProjectData.remapAll(GitProjectData.java:651) [org.eclipse.egit.core_5.4.0.201906121030-r.jar:na]
	at org.eclipse.egit.core.project.GitProjectData.load(GitProjectData.java:634) [org.eclipse.egit.core_5.4.0.201906121030-r.jar:na]
	at org.eclipse.egit.core.project.GitProjectData.get(GitProjectData.java:220) [org.eclipse.egit.core_5.4.0.201906121030-r.jar:na]
	at org.eclipse.egit.core.project.RepositoryMapping.getProjectData(RepositoryMapping.java:335) [org.eclipse.egit.core_5.4.0.201906121030-r.jar:na]
	at org.eclipse.egit.core.project.RepositoryMapping.findMapping(RepositoryMapping.java:356) [org.eclipse.egit.core_5.4.0.201906121030-r.jar:na]
	at org.eclipse.egit.core.project.RepositoryMapping.getMapping(RepositoryMapping.java:296) [org.eclipse.egit.core_5.4.0.201906121030-r.jar:na]
	at org.eclipse.egit.core.internal.util.ResourceUtil.getRepository(ResourceUtil.java:712) [org.eclipse.egit.core_5.4.0.201906121030-r.jar:na]
	at org.eclipse.egit.ui.internal.resources.ResourceStateFactory.getIndexDiffDataOrNull(ResourceStateFactory.java:103) [org.eclipse.egit.ui_5.4.0.201906121030-r.jar:na]
	at org.eclipse.egit.ui.internal.decorators.GitLightweightDecorator.decorateResource(GitLightweightDecorator.java:224) [org.eclipse.egit.ui_5.4.0.201906121030-r.jar:na]
	at org.eclipse.egit.ui.internal.decorators.GitLightweightDecorator.decorate(GitLightweightDecorator.java:201) [org.eclipse.egit.ui_5.4.0.201906121030-r.jar:na]
	at org.eclipse.ui.internal.decorators.LightweightDecoratorDefinition.decorate(LightweightDecoratorDefinition.java:247) [org.eclipse.ui.workbench_3.115.0.v20190521-1602.jar:na]
	at org.eclipse.ui.internal.decorators.LightweightDecoratorManager$LightweightRunnable.run(LightweightDecoratorManager.java:105) [org.eclipse.ui.workbench_3.115.0.v20190521-1602.jar:na]
	at org.eclipse.core.runtime.SafeRunner.run(SafeRunner.java:45) [org.eclipse.equinox.common_3.10.400.v20190516-1504.jar:na]
	at org.eclipse.ui.internal.decorators.LightweightDecoratorManager.decorate(LightweightDecoratorManager.java:360) [org.eclipse.ui.workbench_3.115.0.v20190521-1602.jar:na]
	at org.eclipse.ui.internal.decorators.LightweightDecoratorManager.getDecorations(LightweightDecoratorManager.java:346) [org.eclipse.ui.workbench_3.115.0.v20190521-1602.jar:na]
	at org.eclipse.ui.internal.decorators.DecorationScheduler$1.ensureResultCached(DecorationScheduler.java:333) [org.eclipse.ui.workbench_3.115.0.v20190521-1602.jar:na]
	at org.eclipse.ui.internal.decorators.DecorationScheduler$1.run(DecorationScheduler.java:300) [org.eclipse.ui.workbench_3.115.0.v20190521-1602.jar:na]
	at org.eclipse.core.internal.jobs.Worker.run(Worker.java:63) [org.eclipse.core.jobs_3.10.400.v20190506-1457.jar:na]
2025-04-18 12:06:19,509 [Worker-5: Loading available Gradle versions] INFO  o.e.b.c.i.u.g.PublishedGradleVersions - Gradle version information cache is up-to-date. Trying to read.
2025-04-18 12:06:20,363 [Worker-7: Decoration Calculation] WARN  org.eclipse.jgit.util.FS - C:\Program Files\Git\etc\.probe-810f4686-4fa1-49bb-992f-d9f42760deeb
java.nio.file.AccessDeniedException: C:\Program Files\Git\etc\.probe-810f4686-4fa1-49bb-992f-d9f42760deeb
	at sun.nio.fs.WindowsException.translateToIOException(WindowsException.java:83) ~[na:1.8.0_442]
	at sun.nio.fs.WindowsException.rethrowAsIOException(WindowsException.java:97) ~[na:1.8.0_442]
	at sun.nio.fs.WindowsException.rethrowAsIOException(WindowsException.java:102) ~[na:1.8.0_442]
	at sun.nio.fs.WindowsFileSystemProvider.newByteChannel(WindowsFileSystemProvider.java:230) ~[na:1.8.0_442]
	at java.nio.file.Files.newByteChannel(Files.java:361) ~[na:1.8.0_442]
	at java.nio.file.Files.createFile(Files.java:632) ~[na:1.8.0_442]
	at org.eclipse.jgit.util.FS$FileStoreAttributeCache.<init>(FS.java:234) ~[org.eclipse.jgit_5.4.0.201906121030-r.jar:5.4.0.201906121030-r]
	at org.eclipse.jgit.util.FS$FileStoreAttributeCache.getFsTimestampResolution(FS.java:211) ~[org.eclipse.jgit_5.4.0.201906121030-r.jar:5.4.0.201906121030-r]
	at org.eclipse.jgit.util.FS.getFsTimerResolution(FS.java:321) [org.eclipse.jgit_5.4.0.201906121030-r.jar:5.4.0.201906121030-r]
	at org.eclipse.jgit.internal.storage.file.FileSnapshot.<init>(FileSnapshot.java:186) [org.eclipse.jgit_5.4.0.201906121030-r.jar:5.4.0.201906121030-r]
	at org.eclipse.jgit.internal.storage.file.FileSnapshot.save(FileSnapshot.java:122) [org.eclipse.jgit_5.4.0.201906121030-r.jar:5.4.0.201906121030-r]
	at org.eclipse.jgit.storage.file.FileBasedConfig.load(FileBasedConfig.java:156) [org.eclipse.jgit_5.4.0.201906121030-r.jar:5.4.0.201906121030-r]
	at org.eclipse.jgit.internal.storage.file.FileRepository.loadSystemConfig(FileRepository.java:245) [org.eclipse.jgit_5.4.0.201906121030-r.jar:5.4.0.201906121030-r]
	at org.eclipse.jgit.internal.storage.file.FileRepository.<init>(FileRepository.java:203) [org.eclipse.jgit_5.4.0.201906121030-r.jar:5.4.0.201906121030-r]
	at org.eclipse.jgit.storage.file.FileRepositoryBuilder.build(FileRepositoryBuilder.java:88) [org.eclipse.jgit_5.4.0.201906121030-r.jar:5.4.0.201906121030-r]
	at org.eclipse.jgit.storage.file.FileRepositoryBuilder.create(FileRepositoryBuilder.java:108) [org.eclipse.jgit_5.4.0.201906121030-r.jar:5.4.0.201906121030-r]
	at org.eclipse.egit.core.RepositoryCache.lookupRepository(RepositoryCache.java:58) [org.eclipse.egit.core_5.4.0.201906121030-r.jar:na]
	at org.eclipse.egit.core.project.GitProjectData.map(GitProjectData.java:693) [org.eclipse.egit.core_5.4.0.201906121030-r.jar:na]
	at org.eclipse.egit.core.project.GitProjectData.remapAll(GitProjectData.java:651) [org.eclipse.egit.core_5.4.0.201906121030-r.jar:na]
	at org.eclipse.egit.core.project.GitProjectData.load(GitProjectData.java:634) [org.eclipse.egit.core_5.4.0.201906121030-r.jar:na]
	at org.eclipse.egit.core.project.GitProjectData.get(GitProjectData.java:220) [org.eclipse.egit.core_5.4.0.201906121030-r.jar:na]
	at org.eclipse.egit.core.GitProvider.getData(GitProvider.java:108) [org.eclipse.egit.core_5.4.0.201906121030-r.jar:na]
	at org.eclipse.egit.core.project.RepositoryMapping.getProjectData(RepositoryMapping.java:340) [org.eclipse.egit.core_5.4.0.201906121030-r.jar:na]
	at org.eclipse.egit.core.project.RepositoryMapping.findMapping(RepositoryMapping.java:356) [org.eclipse.egit.core_5.4.0.201906121030-r.jar:na]
	at org.eclipse.egit.core.project.RepositoryMapping.getMapping(RepositoryMapping.java:296) [org.eclipse.egit.core_5.4.0.201906121030-r.jar:na]
	at org.eclipse.egit.core.internal.util.ResourceUtil.getRepository(ResourceUtil.java:712) [org.eclipse.egit.core_5.4.0.201906121030-r.jar:na]
	at org.eclipse.egit.ui.internal.resources.ResourceStateFactory.getIndexDiffDataOrNull(ResourceStateFactory.java:103) [org.eclipse.egit.ui_5.4.0.201906121030-r.jar:na]
	at org.eclipse.egit.ui.internal.decorators.GitLightweightDecorator.decorateResource(GitLightweightDecorator.java:224) [org.eclipse.egit.ui_5.4.0.201906121030-r.jar:na]
	at org.eclipse.egit.ui.internal.decorators.GitLightweightDecorator.decorate(GitLightweightDecorator.java:201) [org.eclipse.egit.ui_5.4.0.201906121030-r.jar:na]
	at org.eclipse.ui.internal.decorators.LightweightDecoratorDefinition.decorate(LightweightDecoratorDefinition.java:247) [org.eclipse.ui.workbench_3.115.0.v20190521-1602.jar:na]
	at org.eclipse.ui.internal.decorators.LightweightDecoratorManager$LightweightRunnable.run(LightweightDecoratorManager.java:105) [org.eclipse.ui.workbench_3.115.0.v20190521-1602.jar:na]
	at org.eclipse.core.runtime.SafeRunner.run(SafeRunner.java:45) [org.eclipse.equinox.common_3.10.400.v20190516-1504.jar:na]
	at org.eclipse.ui.internal.decorators.LightweightDecoratorManager.decorate(LightweightDecoratorManager.java:360) [org.eclipse.ui.workbench_3.115.0.v20190521-1602.jar:na]
	at org.eclipse.ui.internal.decorators.LightweightDecoratorManager.getDecorations(LightweightDecoratorManager.java:346) [org.eclipse.ui.workbench_3.115.0.v20190521-1602.jar:na]
	at org.eclipse.ui.internal.decorators.DecorationScheduler$1.ensureResultCached(DecorationScheduler.java:333) [org.eclipse.ui.workbench_3.115.0.v20190521-1602.jar:na]
	at org.eclipse.ui.internal.decorators.DecorationScheduler$1.run(DecorationScheduler.java:300) [org.eclipse.ui.workbench_3.115.0.v20190521-1602.jar:na]
	at org.eclipse.core.internal.jobs.Worker.run(Worker.java:63) [org.eclipse.core.jobs_3.10.400.v20190506-1457.jar:na]
2025-04-28 10:02:07,159 [Worker-0: Loading available Gradle versions] INFO  o.e.b.c.i.u.g.PublishedGradleVersions - Gradle version information cache is out-of-date. Trying to update.
2025-04-28 10:02:08,929 [Worker-4: Decoration Calculation] WARN  org.eclipse.jgit.util.FS - C:\Program Files\Git\etc\.probe-4edd10e8-5377-4f11-9279-5b220fe3809d
java.nio.file.AccessDeniedException: C:\Program Files\Git\etc\.probe-4edd10e8-5377-4f11-9279-5b220fe3809d
	at sun.nio.fs.WindowsException.translateToIOException(WindowsException.java:83) ~[na:1.8.0_442]
	at sun.nio.fs.WindowsException.rethrowAsIOException(WindowsException.java:97) ~[na:1.8.0_442]
	at sun.nio.fs.WindowsException.rethrowAsIOException(WindowsException.java:102) ~[na:1.8.0_442]
	at sun.nio.fs.WindowsFileSystemProvider.newByteChannel(WindowsFileSystemProvider.java:230) ~[na:1.8.0_442]
	at java.nio.file.Files.newByteChannel(Files.java:361) ~[na:1.8.0_442]
	at java.nio.file.Files.createFile(Files.java:632) ~[na:1.8.0_442]
	at org.eclipse.jgit.util.FS$FileStoreAttributeCache.<init>(FS.java:234) ~[org.eclipse.jgit_5.4.0.201906121030-r.jar:5.4.0.201906121030-r]
	at org.eclipse.jgit.util.FS$FileStoreAttributeCache.getFsTimestampResolution(FS.java:211) ~[org.eclipse.jgit_5.4.0.201906121030-r.jar:5.4.0.201906121030-r]
	at org.eclipse.jgit.util.FS.getFsTimerResolution(FS.java:321) [org.eclipse.jgit_5.4.0.201906121030-r.jar:5.4.0.201906121030-r]
	at org.eclipse.jgit.internal.storage.file.FileSnapshot.<init>(FileSnapshot.java:186) [org.eclipse.jgit_5.4.0.201906121030-r.jar:5.4.0.201906121030-r]
	at org.eclipse.jgit.internal.storage.file.FileSnapshot.save(FileSnapshot.java:122) [org.eclipse.jgit_5.4.0.201906121030-r.jar:5.4.0.201906121030-r]
	at org.eclipse.jgit.storage.file.FileBasedConfig.load(FileBasedConfig.java:156) [org.eclipse.jgit_5.4.0.201906121030-r.jar:5.4.0.201906121030-r]
	at org.eclipse.jgit.internal.storage.file.FileRepository.loadSystemConfig(FileRepository.java:245) [org.eclipse.jgit_5.4.0.201906121030-r.jar:5.4.0.201906121030-r]
	at org.eclipse.jgit.internal.storage.file.FileRepository.<init>(FileRepository.java:203) [org.eclipse.jgit_5.4.0.201906121030-r.jar:5.4.0.201906121030-r]
	at org.eclipse.jgit.storage.file.FileRepositoryBuilder.build(FileRepositoryBuilder.java:88) [org.eclipse.jgit_5.4.0.201906121030-r.jar:5.4.0.201906121030-r]
	at org.eclipse.jgit.storage.file.FileRepositoryBuilder.create(FileRepositoryBuilder.java:108) [org.eclipse.jgit_5.4.0.201906121030-r.jar:5.4.0.201906121030-r]
	at org.eclipse.egit.core.RepositoryCache.lookupRepository(RepositoryCache.java:58) [org.eclipse.egit.core_5.4.0.201906121030-r.jar:na]
	at org.eclipse.egit.core.project.GitProjectData.map(GitProjectData.java:693) [org.eclipse.egit.core_5.4.0.201906121030-r.jar:na]
	at org.eclipse.egit.core.project.GitProjectData.remapAll(GitProjectData.java:651) [org.eclipse.egit.core_5.4.0.201906121030-r.jar:na]
	at org.eclipse.egit.core.project.GitProjectData.load(GitProjectData.java:634) [org.eclipse.egit.core_5.4.0.201906121030-r.jar:na]
	at org.eclipse.egit.core.project.GitProjectData.get(GitProjectData.java:220) [org.eclipse.egit.core_5.4.0.201906121030-r.jar:na]
	at org.eclipse.egit.core.GitProvider.getData(GitProvider.java:108) [org.eclipse.egit.core_5.4.0.201906121030-r.jar:na]
	at org.eclipse.egit.core.project.RepositoryMapping.getProjectData(RepositoryMapping.java:340) [org.eclipse.egit.core_5.4.0.201906121030-r.jar:na]
	at org.eclipse.egit.core.project.RepositoryMapping.findMapping(RepositoryMapping.java:356) [org.eclipse.egit.core_5.4.0.201906121030-r.jar:na]
	at org.eclipse.egit.core.project.RepositoryMapping.getMapping(RepositoryMapping.java:296) [org.eclipse.egit.core_5.4.0.201906121030-r.jar:na]
	at org.eclipse.egit.core.internal.util.ResourceUtil.getRepository(ResourceUtil.java:712) [org.eclipse.egit.core_5.4.0.201906121030-r.jar:na]
	at org.eclipse.egit.ui.internal.resources.ResourceStateFactory.getIndexDiffDataOrNull(ResourceStateFactory.java:103) [org.eclipse.egit.ui_5.4.0.201906121030-r.jar:na]
	at org.eclipse.egit.ui.internal.decorators.GitLightweightDecorator.decorateResource(GitLightweightDecorator.java:224) [org.eclipse.egit.ui_5.4.0.201906121030-r.jar:na]
	at org.eclipse.egit.ui.internal.decorators.GitLightweightDecorator.decorate(GitLightweightDecorator.java:201) [org.eclipse.egit.ui_5.4.0.201906121030-r.jar:na]
	at org.eclipse.ui.internal.decorators.LightweightDecoratorDefinition.decorate(LightweightDecoratorDefinition.java:247) [org.eclipse.ui.workbench_3.115.0.v20190521-1602.jar:na]
	at org.eclipse.ui.internal.decorators.LightweightDecoratorManager$LightweightRunnable.run(LightweightDecoratorManager.java:105) [org.eclipse.ui.workbench_3.115.0.v20190521-1602.jar:na]
	at org.eclipse.core.runtime.SafeRunner.run(SafeRunner.java:45) [org.eclipse.equinox.common_3.10.400.v20190516-1504.jar:na]
	at org.eclipse.ui.internal.decorators.LightweightDecoratorManager.decorate(LightweightDecoratorManager.java:360) [org.eclipse.ui.workbench_3.115.0.v20190521-1602.jar:na]
	at org.eclipse.ui.internal.decorators.LightweightDecoratorManager.getDecorations(LightweightDecoratorManager.java:346) [org.eclipse.ui.workbench_3.115.0.v20190521-1602.jar:na]
	at org.eclipse.ui.internal.decorators.DecorationScheduler$1.ensureResultCached(DecorationScheduler.java:333) [org.eclipse.ui.workbench_3.115.0.v20190521-1602.jar:na]
	at org.eclipse.ui.internal.decorators.DecorationScheduler$1.run(DecorationScheduler.java:300) [org.eclipse.ui.workbench_3.115.0.v20190521-1602.jar:na]
	at org.eclipse.core.internal.jobs.Worker.run(Worker.java:63) [org.eclipse.core.jobs_3.10.400.v20190506-1457.jar:na]
2025-04-30 10:04:30,932 [Worker-0: Loading available Gradle versions] INFO  o.e.b.c.i.u.g.PublishedGradleVersions - Gradle version information cache is out-of-date. Trying to update.
2025-04-30 10:04:32,444 [Worker-5: Decoration Calculation] WARN  org.eclipse.jgit.util.FS - C:\Program Files\Git\etc\.probe-aae3aeca-612a-4974-86d2-72232287efbd
java.nio.file.AccessDeniedException: C:\Program Files\Git\etc\.probe-aae3aeca-612a-4974-86d2-72232287efbd
	at sun.nio.fs.WindowsException.translateToIOException(WindowsException.java:83) ~[na:1.8.0_442]
	at sun.nio.fs.WindowsException.rethrowAsIOException(WindowsException.java:97) ~[na:1.8.0_442]
	at sun.nio.fs.WindowsException.rethrowAsIOException(WindowsException.java:102) ~[na:1.8.0_442]
	at sun.nio.fs.WindowsFileSystemProvider.newByteChannel(WindowsFileSystemProvider.java:230) ~[na:1.8.0_442]
	at java.nio.file.Files.newByteChannel(Files.java:361) ~[na:1.8.0_442]
	at java.nio.file.Files.createFile(Files.java:632) ~[na:1.8.0_442]
	at org.eclipse.jgit.util.FS$FileStoreAttributeCache.<init>(FS.java:234) ~[org.eclipse.jgit_5.4.0.201906121030-r.jar:5.4.0.201906121030-r]
	at org.eclipse.jgit.util.FS$FileStoreAttributeCache.getFsTimestampResolution(FS.java:211) ~[org.eclipse.jgit_5.4.0.201906121030-r.jar:5.4.0.201906121030-r]
	at org.eclipse.jgit.util.FS.getFsTimerResolution(FS.java:321) [org.eclipse.jgit_5.4.0.201906121030-r.jar:5.4.0.201906121030-r]
	at org.eclipse.jgit.internal.storage.file.FileSnapshot.<init>(FileSnapshot.java:186) [org.eclipse.jgit_5.4.0.201906121030-r.jar:5.4.0.201906121030-r]
	at org.eclipse.jgit.internal.storage.file.FileSnapshot.save(FileSnapshot.java:122) [org.eclipse.jgit_5.4.0.201906121030-r.jar:5.4.0.201906121030-r]
	at org.eclipse.jgit.storage.file.FileBasedConfig.load(FileBasedConfig.java:156) [org.eclipse.jgit_5.4.0.201906121030-r.jar:5.4.0.201906121030-r]
	at org.eclipse.jgit.internal.storage.file.FileRepository.loadSystemConfig(FileRepository.java:245) [org.eclipse.jgit_5.4.0.201906121030-r.jar:5.4.0.201906121030-r]
	at org.eclipse.jgit.internal.storage.file.FileRepository.<init>(FileRepository.java:203) [org.eclipse.jgit_5.4.0.201906121030-r.jar:5.4.0.201906121030-r]
	at org.eclipse.jgit.storage.file.FileRepositoryBuilder.build(FileRepositoryBuilder.java:88) [org.eclipse.jgit_5.4.0.201906121030-r.jar:5.4.0.201906121030-r]
	at org.eclipse.jgit.storage.file.FileRepositoryBuilder.create(FileRepositoryBuilder.java:108) [org.eclipse.jgit_5.4.0.201906121030-r.jar:5.4.0.201906121030-r]
	at org.eclipse.egit.core.RepositoryCache.lookupRepository(RepositoryCache.java:58) [org.eclipse.egit.core_5.4.0.201906121030-r.jar:na]
	at org.eclipse.egit.core.project.GitProjectData.map(GitProjectData.java:693) [org.eclipse.egit.core_5.4.0.201906121030-r.jar:na]
	at org.eclipse.egit.core.project.GitProjectData.remapAll(GitProjectData.java:651) [org.eclipse.egit.core_5.4.0.201906121030-r.jar:na]
	at org.eclipse.egit.core.project.GitProjectData.load(GitProjectData.java:634) [org.eclipse.egit.core_5.4.0.201906121030-r.jar:na]
	at org.eclipse.egit.core.project.GitProjectData.get(GitProjectData.java:220) [org.eclipse.egit.core_5.4.0.201906121030-r.jar:na]
	at org.eclipse.egit.core.GitProvider.getData(GitProvider.java:108) [org.eclipse.egit.core_5.4.0.201906121030-r.jar:na]
	at org.eclipse.egit.core.project.RepositoryMapping.getProjectData(RepositoryMapping.java:340) [org.eclipse.egit.core_5.4.0.201906121030-r.jar:na]
	at org.eclipse.egit.core.project.RepositoryMapping.findMapping(RepositoryMapping.java:356) [org.eclipse.egit.core_5.4.0.201906121030-r.jar:na]
	at org.eclipse.egit.core.project.RepositoryMapping.getMapping(RepositoryMapping.java:296) [org.eclipse.egit.core_5.4.0.201906121030-r.jar:na]
	at org.eclipse.egit.core.internal.util.ResourceUtil.getRepository(ResourceUtil.java:712) [org.eclipse.egit.core_5.4.0.201906121030-r.jar:na]
	at org.eclipse.egit.ui.internal.resources.ResourceStateFactory.getIndexDiffDataOrNull(ResourceStateFactory.java:103) [org.eclipse.egit.ui_5.4.0.201906121030-r.jar:na]
	at org.eclipse.egit.ui.internal.decorators.GitLightweightDecorator.decorateResource(GitLightweightDecorator.java:224) [org.eclipse.egit.ui_5.4.0.201906121030-r.jar:na]
	at org.eclipse.egit.ui.internal.decorators.GitLightweightDecorator.decorate(GitLightweightDecorator.java:201) [org.eclipse.egit.ui_5.4.0.201906121030-r.jar:na]
	at org.eclipse.ui.internal.decorators.LightweightDecoratorDefinition.decorate(LightweightDecoratorDefinition.java:247) [org.eclipse.ui.workbench_3.115.0.v20190521-1602.jar:na]
	at org.eclipse.ui.internal.decorators.LightweightDecoratorManager$LightweightRunnable.run(LightweightDecoratorManager.java:105) [org.eclipse.ui.workbench_3.115.0.v20190521-1602.jar:na]
	at org.eclipse.core.runtime.SafeRunner.run(SafeRunner.java:45) [org.eclipse.equinox.common_3.10.400.v20190516-1504.jar:na]
	at org.eclipse.ui.internal.decorators.LightweightDecoratorManager.decorate(LightweightDecoratorManager.java:360) [org.eclipse.ui.workbench_3.115.0.v20190521-1602.jar:na]
	at org.eclipse.ui.internal.decorators.LightweightDecoratorManager.getDecorations(LightweightDecoratorManager.java:346) [org.eclipse.ui.workbench_3.115.0.v20190521-1602.jar:na]
	at org.eclipse.ui.internal.decorators.DecorationScheduler$1.ensureResultCached(DecorationScheduler.java:333) [org.eclipse.ui.workbench_3.115.0.v20190521-1602.jar:na]
	at org.eclipse.ui.internal.decorators.DecorationScheduler$1.run(DecorationScheduler.java:300) [org.eclipse.ui.workbench_3.115.0.v20190521-1602.jar:na]
	at org.eclipse.core.internal.jobs.Worker.run(Worker.java:63) [org.eclipse.core.jobs_3.10.400.v20190506-1457.jar:na]
2025-04-30 14:05:10,783 [Worker-6: Loading available Gradle versions] INFO  o.e.b.c.i.u.g.PublishedGradleVersions - Gradle version information cache is up-to-date. Trying to read.
2025-04-30 14:05:12,432 [Worker-4: Decoration Calculation] WARN  org.eclipse.jgit.util.FS - C:\Program Files\Git\etc\.probe-dfdb22dc-76ba-4d6a-a1fa-90624fb99465
java.nio.file.AccessDeniedException: C:\Program Files\Git\etc\.probe-dfdb22dc-76ba-4d6a-a1fa-90624fb99465
	at sun.nio.fs.WindowsException.translateToIOException(WindowsException.java:83) ~[na:1.8.0_442]
	at sun.nio.fs.WindowsException.rethrowAsIOException(WindowsException.java:97) ~[na:1.8.0_442]
	at sun.nio.fs.WindowsException.rethrowAsIOException(WindowsException.java:102) ~[na:1.8.0_442]
	at sun.nio.fs.WindowsFileSystemProvider.newByteChannel(WindowsFileSystemProvider.java:230) ~[na:1.8.0_442]
	at java.nio.file.Files.newByteChannel(Files.java:361) ~[na:1.8.0_442]
	at java.nio.file.Files.createFile(Files.java:632) ~[na:1.8.0_442]
	at org.eclipse.jgit.util.FS$FileStoreAttributeCache.<init>(FS.java:234) ~[org.eclipse.jgit_5.4.0.201906121030-r.jar:5.4.0.201906121030-r]
	at org.eclipse.jgit.util.FS$FileStoreAttributeCache.getFsTimestampResolution(FS.java:211) ~[org.eclipse.jgit_5.4.0.201906121030-r.jar:5.4.0.201906121030-r]
	at org.eclipse.jgit.util.FS.getFsTimerResolution(FS.java:321) [org.eclipse.jgit_5.4.0.201906121030-r.jar:5.4.0.201906121030-r]
	at org.eclipse.jgit.internal.storage.file.FileSnapshot.<init>(FileSnapshot.java:186) [org.eclipse.jgit_5.4.0.201906121030-r.jar:5.4.0.201906121030-r]
	at org.eclipse.jgit.internal.storage.file.FileSnapshot.save(FileSnapshot.java:122) [org.eclipse.jgit_5.4.0.201906121030-r.jar:5.4.0.201906121030-r]
	at org.eclipse.jgit.storage.file.FileBasedConfig.load(FileBasedConfig.java:156) [org.eclipse.jgit_5.4.0.201906121030-r.jar:5.4.0.201906121030-r]
	at org.eclipse.jgit.internal.storage.file.FileRepository.loadSystemConfig(FileRepository.java:245) [org.eclipse.jgit_5.4.0.201906121030-r.jar:5.4.0.201906121030-r]
	at org.eclipse.jgit.internal.storage.file.FileRepository.<init>(FileRepository.java:203) [org.eclipse.jgit_5.4.0.201906121030-r.jar:5.4.0.201906121030-r]
	at org.eclipse.jgit.storage.file.FileRepositoryBuilder.build(FileRepositoryBuilder.java:88) [org.eclipse.jgit_5.4.0.201906121030-r.jar:5.4.0.201906121030-r]
	at org.eclipse.jgit.storage.file.FileRepositoryBuilder.create(FileRepositoryBuilder.java:108) [org.eclipse.jgit_5.4.0.201906121030-r.jar:5.4.0.201906121030-r]
	at org.eclipse.egit.core.RepositoryCache.lookupRepository(RepositoryCache.java:58) [org.eclipse.egit.core_5.4.0.201906121030-r.jar:na]
	at org.eclipse.egit.core.project.GitProjectData.map(GitProjectData.java:693) [org.eclipse.egit.core_5.4.0.201906121030-r.jar:na]
	at org.eclipse.egit.core.project.GitProjectData.remapAll(GitProjectData.java:651) [org.eclipse.egit.core_5.4.0.201906121030-r.jar:na]
	at org.eclipse.egit.core.project.GitProjectData.load(GitProjectData.java:634) [org.eclipse.egit.core_5.4.0.201906121030-r.jar:na]
	at org.eclipse.egit.core.project.GitProjectData.get(GitProjectData.java:220) [org.eclipse.egit.core_5.4.0.201906121030-r.jar:na]
	at org.eclipse.egit.core.project.RepositoryMapping.getProjectData(RepositoryMapping.java:335) [org.eclipse.egit.core_5.4.0.201906121030-r.jar:na]
	at org.eclipse.egit.core.project.RepositoryMapping.findMapping(RepositoryMapping.java:356) [org.eclipse.egit.core_5.4.0.201906121030-r.jar:na]
	at org.eclipse.egit.core.project.RepositoryMapping.getMapping(RepositoryMapping.java:296) [org.eclipse.egit.core_5.4.0.201906121030-r.jar:na]
	at org.eclipse.egit.core.internal.util.ResourceUtil.getRepository(ResourceUtil.java:712) [org.eclipse.egit.core_5.4.0.201906121030-r.jar:na]
	at org.eclipse.egit.ui.internal.resources.ResourceStateFactory.getIndexDiffDataOrNull(ResourceStateFactory.java:103) [org.eclipse.egit.ui_5.4.0.201906121030-r.jar:na]
	at org.eclipse.egit.ui.internal.decorators.GitLightweightDecorator.decorateResource(GitLightweightDecorator.java:224) [org.eclipse.egit.ui_5.4.0.201906121030-r.jar:na]
	at org.eclipse.egit.ui.internal.decorators.GitLightweightDecorator.decorate(GitLightweightDecorator.java:201) [org.eclipse.egit.ui_5.4.0.201906121030-r.jar:na]
	at org.eclipse.ui.internal.decorators.LightweightDecoratorDefinition.decorate(LightweightDecoratorDefinition.java:247) [org.eclipse.ui.workbench_3.115.0.v20190521-1602.jar:na]
	at org.eclipse.ui.internal.decorators.LightweightDecoratorManager$LightweightRunnable.run(LightweightDecoratorManager.java:105) [org.eclipse.ui.workbench_3.115.0.v20190521-1602.jar:na]
	at org.eclipse.core.runtime.SafeRunner.run(SafeRunner.java:45) [org.eclipse.equinox.common_3.10.400.v20190516-1504.jar:na]
	at org.eclipse.ui.internal.decorators.LightweightDecoratorManager.decorate(LightweightDecoratorManager.java:360) [org.eclipse.ui.workbench_3.115.0.v20190521-1602.jar:na]
	at org.eclipse.ui.internal.decorators.LightweightDecoratorManager.getDecorations(LightweightDecoratorManager.java:346) [org.eclipse.ui.workbench_3.115.0.v20190521-1602.jar:na]
	at org.eclipse.ui.internal.decorators.DecorationScheduler$1.ensureResultCached(DecorationScheduler.java:333) [org.eclipse.ui.workbench_3.115.0.v20190521-1602.jar:na]
	at org.eclipse.ui.internal.decorators.DecorationScheduler$1.run(DecorationScheduler.java:300) [org.eclipse.ui.workbench_3.115.0.v20190521-1602.jar:na]
	at org.eclipse.core.internal.jobs.Worker.run(Worker.java:63) [org.eclipse.core.jobs_3.10.400.v20190506-1457.jar:na]
2025-05-01 14:34:30,103 [Worker-8: Loading available Gradle versions] INFO  o.e.b.c.i.u.g.PublishedGradleVersions - Gradle version information cache is out-of-date. Trying to update.
2025-05-01 14:34:31,754 [main] WARN  org.eclipse.jgit.util.FS - C:\Program Files\Git\etc\.probe-0b4915ae-6943-4080-a03d-33a0e9b4c403
java.nio.file.AccessDeniedException: C:\Program Files\Git\etc\.probe-0b4915ae-6943-4080-a03d-33a0e9b4c403
	at sun.nio.fs.WindowsException.translateToIOException(WindowsException.java:83) ~[na:1.8.0_442]
	at sun.nio.fs.WindowsException.rethrowAsIOException(WindowsException.java:97) ~[na:1.8.0_442]
	at sun.nio.fs.WindowsException.rethrowAsIOException(WindowsException.java:102) ~[na:1.8.0_442]
	at sun.nio.fs.WindowsFileSystemProvider.newByteChannel(WindowsFileSystemProvider.java:230) ~[na:1.8.0_442]
	at java.nio.file.Files.newByteChannel(Files.java:361) ~[na:1.8.0_442]
	at java.nio.file.Files.createFile(Files.java:632) ~[na:1.8.0_442]
	at org.eclipse.jgit.util.FS$FileStoreAttributeCache.<init>(FS.java:234) ~[org.eclipse.jgit_5.4.0.201906121030-r.jar:5.4.0.201906121030-r]
	at org.eclipse.jgit.util.FS$FileStoreAttributeCache.getFsTimestampResolution(FS.java:211) ~[org.eclipse.jgit_5.4.0.201906121030-r.jar:5.4.0.201906121030-r]
	at org.eclipse.jgit.util.FS.getFsTimerResolution(FS.java:321) [org.eclipse.jgit_5.4.0.201906121030-r.jar:5.4.0.201906121030-r]
	at org.eclipse.jgit.internal.storage.file.FileSnapshot.<init>(FileSnapshot.java:186) [org.eclipse.jgit_5.4.0.201906121030-r.jar:5.4.0.201906121030-r]
	at org.eclipse.jgit.internal.storage.file.FileSnapshot.save(FileSnapshot.java:122) [org.eclipse.jgit_5.4.0.201906121030-r.jar:5.4.0.201906121030-r]
	at org.eclipse.jgit.storage.file.FileBasedConfig.load(FileBasedConfig.java:156) [org.eclipse.jgit_5.4.0.201906121030-r.jar:5.4.0.201906121030-r]
	at org.eclipse.jgit.internal.storage.file.FileRepository.loadSystemConfig(FileRepository.java:245) [org.eclipse.jgit_5.4.0.201906121030-r.jar:5.4.0.201906121030-r]
	at org.eclipse.jgit.internal.storage.file.FileRepository.<init>(FileRepository.java:203) [org.eclipse.jgit_5.4.0.201906121030-r.jar:5.4.0.201906121030-r]
	at org.eclipse.jgit.storage.file.FileRepositoryBuilder.build(FileRepositoryBuilder.java:88) [org.eclipse.jgit_5.4.0.201906121030-r.jar:5.4.0.201906121030-r]
	at org.eclipse.jgit.storage.file.FileRepositoryBuilder.create(FileRepositoryBuilder.java:108) [org.eclipse.jgit_5.4.0.201906121030-r.jar:5.4.0.201906121030-r]
	at org.eclipse.egit.core.RepositoryCache.lookupRepository(RepositoryCache.java:58) [org.eclipse.egit.core_5.4.0.201906121030-r.jar:na]
	at org.eclipse.egit.core.project.GitProjectData.map(GitProjectData.java:693) [org.eclipse.egit.core_5.4.0.201906121030-r.jar:na]
	at org.eclipse.egit.core.project.GitProjectData.remapAll(GitProjectData.java:651) [org.eclipse.egit.core_5.4.0.201906121030-r.jar:na]
	at org.eclipse.egit.core.project.GitProjectData.load(GitProjectData.java:634) [org.eclipse.egit.core_5.4.0.201906121030-r.jar:na]
	at org.eclipse.egit.core.project.GitProjectData.get(GitProjectData.java:220) [org.eclipse.egit.core_5.4.0.201906121030-r.jar:na]
	at org.eclipse.egit.core.project.RepositoryMapping.getProjectData(RepositoryMapping.java:335) [org.eclipse.egit.core_5.4.0.201906121030-r.jar:na]
	at org.eclipse.egit.core.project.RepositoryMapping.findMapping(RepositoryMapping.java:356) [org.eclipse.egit.core_5.4.0.201906121030-r.jar:na]
	at org.eclipse.egit.core.project.RepositoryMapping.getMapping(RepositoryMapping.java:296) [org.eclipse.egit.core_5.4.0.201906121030-r.jar:na]
	at org.eclipse.egit.core.internal.util.ResourceUtil.getRepository(ResourceUtil.java:712) [org.eclipse.egit.core_5.4.0.201906121030-r.jar:na]
	at org.eclipse.egit.ui.internal.selection.SelectionUtils.getRepository(SelectionUtils.java:374) [org.eclipse.egit.ui_5.4.0.201906121030-r.jar:na]
	at org.eclipse.egit.ui.internal.selection.SelectionUtils.getRepository(SelectionUtils.java:69) [org.eclipse.egit.ui_5.4.0.201906121030-r.jar:na]
	at org.eclipse.egit.ui.internal.selection.RepositorySourceProvider.selectionChanged(RepositorySourceProvider.java:89) [org.eclipse.egit.ui_5.4.0.201906121030-r.jar:na]
	at org.eclipse.ui.internal.e4.compatibility.SelectionService.notifyListeners(SelectionService.java:240) [org.eclipse.ui.workbench_3.115.0.v20190521-1602.jar:na]
	at org.eclipse.ui.internal.e4.compatibility.SelectionService.notifyListeners(SelectionService.java:174) [org.eclipse.ui.workbench_3.115.0.v20190521-1602.jar:na]
	at org.eclipse.ui.internal.WorkbenchWindow$WWinPartService.partActivated(WorkbenchWindow.java:3174) [org.eclipse.ui.workbench_3.115.0.v20190521-1602.jar:na]
	at org.eclipse.ui.internal.WorkbenchPage$3.run(WorkbenchPage.java:4905) [org.eclipse.ui.workbench_3.115.0.v20190521-1602.jar:na]
	at org.eclipse.core.runtime.SafeRunner.run(SafeRunner.java:45) [org.eclipse.equinox.common_3.10.400.v20190516-1504.jar:na]
	at org.eclipse.ui.internal.WorkbenchPage.firePartActivated(WorkbenchPage.java:4902) [org.eclipse.ui.workbench_3.115.0.v20190521-1602.jar:na]
	at org.eclipse.ui.internal.WorkbenchPage.access$3(WorkbenchPage.java:4887) [org.eclipse.ui.workbench_3.115.0.v20190521-1602.jar:na]
	at org.eclipse.ui.internal.WorkbenchPage$E4PartListener.partActivated(WorkbenchPage.java:214) [org.eclipse.ui.workbench_3.115.0.v20190521-1602.jar:na]
	at org.eclipse.e4.ui.internal.workbench.PartServiceImpl$3.run(PartServiceImpl.java:253) [org.eclipse.e4.ui.workbench_1.10.0.v20190529-1505.jar:na]
	at org.eclipse.core.runtime.SafeRunner.run(SafeRunner.java:45) [org.eclipse.equinox.common_3.10.400.v20190516-1504.jar:na]
	at org.eclipse.e4.ui.internal.workbench.PartServiceImpl.firePartActivated(PartServiceImpl.java:250) [org.eclipse.e4.ui.workbench_1.10.0.v20190529-1505.jar:na]
	at org.eclipse.e4.ui.internal.workbench.PartServiceImpl.activate(PartServiceImpl.java:775) [org.eclipse.e4.ui.workbench_1.10.0.v20190529-1505.jar:na]
	at org.eclipse.e4.ui.internal.workbench.PartServiceImpl.activate(PartServiceImpl.java:684) [org.eclipse.e4.ui.workbench_1.10.0.v20190529-1505.jar:na]
	at org.eclipse.e4.ui.internal.workbench.PartServiceImpl.activate(PartServiceImpl.java:679) [org.eclipse.e4.ui.workbench_1.10.0.v20190529-1505.jar:na]
	at org.eclipse.e4.ui.internal.workbench.PartServiceImpl.hidePart(PartServiceImpl.java:1375) [org.eclipse.e4.ui.workbench_1.10.0.v20190529-1505.jar:na]
	at org.eclipse.e4.ui.internal.workbench.PartServiceImpl.hidePart(PartServiceImpl.java:1310) [org.eclipse.e4.ui.workbench_1.10.0.v20190529-1505.jar:na]
	at org.eclipse.e4.ui.workbench.renderers.swt.StackRenderer.closePart(StackRenderer.java:1267) [org.eclipse.e4.ui.workbench.renderers.swt_0.14.700.v20190517-1525.jar:na]
	at org.eclipse.e4.ui.workbench.renderers.swt.StackRenderer.access$0(StackRenderer.java:1253) [org.eclipse.e4.ui.workbench.renderers.swt_0.14.700.v20190517-1525.jar:na]
	at org.eclipse.e4.ui.workbench.renderers.swt.StackRenderer$3.close(StackRenderer.java:1121) [org.eclipse.e4.ui.workbench.renderers.swt_0.14.700.v20190517-1525.jar:na]
	at org.eclipse.swt.custom.CTabFolder.onMouse(CTabFolder.java:1956) [org.eclipse.swt.win32.win32.x86_64_3.111.0.v20190605-1801.jar:na]
	at org.eclipse.swt.custom.CTabFolder.lambda$0(CTabFolder.java:335) [org.eclipse.swt.win32.win32.x86_64_3.111.0.v20190605-1801.jar:na]
	at org.eclipse.swt.widgets.EventTable.sendEvent(EventTable.java:89) ~[org.eclipse.swt.win32.win32.x86_64_3.111.0.v20190605-1801.jar:na]
	at org.eclipse.swt.widgets.Display.sendEvent(Display.java:4131) ~[org.eclipse.swt.win32.win32.x86_64_3.111.0.v20190605-1801.jar:na]
	at org.eclipse.swt.widgets.Widget.sendEvent(Widget.java:1056) ~[org.eclipse.swt.win32.win32.x86_64_3.111.0.v20190605-1801.jar:na]
	at org.eclipse.swt.widgets.Display.runDeferredEvents(Display.java:3944) ~[org.eclipse.swt.win32.win32.x86_64_3.111.0.v20190605-1801.jar:na]
	at org.eclipse.swt.widgets.Display.readAndDispatch(Display.java:3547) ~[org.eclipse.swt.win32.win32.x86_64_3.111.0.v20190605-1801.jar:na]
	at org.eclipse.e4.ui.internal.workbench.swt.PartRenderingEngine$5.run(PartRenderingEngine.java:1173) ~[na:na]
	at org.eclipse.core.databinding.observable.Realm.runWithDefault(Realm.java:338) ~[na:na]
	at org.eclipse.e4.ui.internal.workbench.swt.PartRenderingEngine.run(PartRenderingEngine.java:1062) ~[na:na]
	at org.eclipse.e4.ui.internal.workbench.E4Workbench.createAndRunUI(E4Workbench.java:155) ~[na:na]
	at org.eclipse.ui.internal.Workbench.lambda$3(Workbench.java:635) ~[na:na]
	at org.eclipse.core.databinding.observable.Realm.runWithDefault(Realm.java:338) ~[na:na]
	at org.eclipse.ui.internal.Workbench.createAndRunWorkbench(Workbench.java:559) ~[na:na]
	at org.eclipse.ui.PlatformUI.createAndRunWorkbench(PlatformUI.java:150) ~[na:na]
	at org.eclipse.ui.internal.ide.application.IDEApplication.start(IDEApplication.java:155) ~[na:na]
	at org.eclipse.equinox.internal.app.EclipseAppHandle.run(EclipseAppHandle.java:203) ~[org.eclipse.equinox.app_1.4.200.v20190516-1504.jar:na]
	at org.eclipse.core.runtime.internal.adaptor.EclipseAppLauncher.runApplication(EclipseAppLauncher.java:137) ~[org.eclipse.osgi_3.14.0.v20190517-1309.jar:na]
	at org.eclipse.core.runtime.internal.adaptor.EclipseAppLauncher.start(EclipseAppLauncher.java:107) ~[org.eclipse.osgi_3.14.0.v20190517-1309.jar:na]
	at org.eclipse.core.runtime.adaptor.EclipseStarter.run(EclipseStarter.java:400) ~[org.eclipse.osgi_3.14.0.v20190517-1309.jar:na]
	at org.eclipse.core.runtime.adaptor.EclipseStarter.run(EclipseStarter.java:255) ~[org.eclipse.osgi_3.14.0.v20190517-1309.jar:na]
	at sun.reflect.NativeMethodAccessorImpl.invoke0(Native Method) ~[na:1.8.0_442]
	at sun.reflect.NativeMethodAccessorImpl.invoke(NativeMethodAccessorImpl.java:62) ~[na:1.8.0_442]
	at sun.reflect.DelegatingMethodAccessorImpl.invoke(DelegatingMethodAccessorImpl.java:43) ~[na:1.8.0_442]
	at java.lang.reflect.Method.invoke(Method.java:498) ~[na:1.8.0_442]
	at org.eclipse.equinox.launcher.Main.invokeFramework(Main.java:660) ~[org.eclipse.equinox.launcher_1.5.400.v20190515-0925.jar:na]
	at org.eclipse.equinox.launcher.Main.basicRun(Main.java:597) ~[org.eclipse.equinox.launcher_1.5.400.v20190515-0925.jar:na]
	at org.eclipse.equinox.launcher.Main.run(Main.java:1468) ~[org.eclipse.equinox.launcher_1.5.400.v20190515-0925.jar:na]
2025-05-01 14:36:30,212 [Worker-4: Loading available Gradle versions] INFO  o.e.b.c.i.u.g.PublishedGradleVersions - Gradle version information cache is up-to-date. Trying to read.
2025-05-01 14:36:31,287 [Worker-7: Decoration Calculation] WARN  org.eclipse.jgit.util.FS - C:\Program Files\Git\etc\.probe-4a7e4080-fe35-4af1-90bf-ab1b33df0d64
java.nio.file.AccessDeniedException: C:\Program Files\Git\etc\.probe-4a7e4080-fe35-4af1-90bf-ab1b33df0d64
	at sun.nio.fs.WindowsException.translateToIOException(WindowsException.java:83) ~[na:1.8.0_442]
	at sun.nio.fs.WindowsException.rethrowAsIOException(WindowsException.java:97) ~[na:1.8.0_442]
	at sun.nio.fs.WindowsException.rethrowAsIOException(WindowsException.java:102) ~[na:1.8.0_442]
	at sun.nio.fs.WindowsFileSystemProvider.newByteChannel(WindowsFileSystemProvider.java:230) ~[na:1.8.0_442]
	at java.nio.file.Files.newByteChannel(Files.java:361) ~[na:1.8.0_442]
	at java.nio.file.Files.createFile(Files.java:632) ~[na:1.8.0_442]
	at org.eclipse.jgit.util.FS$FileStoreAttributeCache.<init>(FS.java:234) ~[org.eclipse.jgit_5.4.0.201906121030-r.jar:5.4.0.201906121030-r]
	at org.eclipse.jgit.util.FS$FileStoreAttributeCache.getFsTimestampResolution(FS.java:211) ~[org.eclipse.jgit_5.4.0.201906121030-r.jar:5.4.0.201906121030-r]
	at org.eclipse.jgit.util.FS.getFsTimerResolution(FS.java:321) [org.eclipse.jgit_5.4.0.201906121030-r.jar:5.4.0.201906121030-r]
	at org.eclipse.jgit.internal.storage.file.FileSnapshot.<init>(FileSnapshot.java:186) [org.eclipse.jgit_5.4.0.201906121030-r.jar:5.4.0.201906121030-r]
	at org.eclipse.jgit.internal.storage.file.FileSnapshot.save(FileSnapshot.java:122) [org.eclipse.jgit_5.4.0.201906121030-r.jar:5.4.0.201906121030-r]
	at org.eclipse.jgit.storage.file.FileBasedConfig.load(FileBasedConfig.java:156) [org.eclipse.jgit_5.4.0.201906121030-r.jar:5.4.0.201906121030-r]
	at org.eclipse.jgit.internal.storage.file.FileRepository.loadSystemConfig(FileRepository.java:245) [org.eclipse.jgit_5.4.0.201906121030-r.jar:5.4.0.201906121030-r]
	at org.eclipse.jgit.internal.storage.file.FileRepository.<init>(FileRepository.java:203) [org.eclipse.jgit_5.4.0.201906121030-r.jar:5.4.0.201906121030-r]
	at org.eclipse.jgit.storage.file.FileRepositoryBuilder.build(FileRepositoryBuilder.java:88) [org.eclipse.jgit_5.4.0.201906121030-r.jar:5.4.0.201906121030-r]
	at org.eclipse.jgit.storage.file.FileRepositoryBuilder.create(FileRepositoryBuilder.java:108) [org.eclipse.jgit_5.4.0.201906121030-r.jar:5.4.0.201906121030-r]
	at org.eclipse.egit.core.RepositoryCache.lookupRepository(RepositoryCache.java:58) [org.eclipse.egit.core_5.4.0.201906121030-r.jar:na]
	at org.eclipse.egit.core.project.GitProjectData.map(GitProjectData.java:693) [org.eclipse.egit.core_5.4.0.201906121030-r.jar:na]
	at org.eclipse.egit.core.project.GitProjectData.remapAll(GitProjectData.java:651) [org.eclipse.egit.core_5.4.0.201906121030-r.jar:na]
	at org.eclipse.egit.core.project.GitProjectData.load(GitProjectData.java:634) [org.eclipse.egit.core_5.4.0.201906121030-r.jar:na]
	at org.eclipse.egit.core.project.GitProjectData.get(GitProjectData.java:220) [org.eclipse.egit.core_5.4.0.201906121030-r.jar:na]
	at org.eclipse.egit.core.GitProvider.getData(GitProvider.java:108) [org.eclipse.egit.core_5.4.0.201906121030-r.jar:na]
	at org.eclipse.egit.core.project.RepositoryMapping.getProjectData(RepositoryMapping.java:340) [org.eclipse.egit.core_5.4.0.201906121030-r.jar:na]
	at org.eclipse.egit.core.project.RepositoryMapping.findMapping(RepositoryMapping.java:356) [org.eclipse.egit.core_5.4.0.201906121030-r.jar:na]
	at org.eclipse.egit.core.project.RepositoryMapping.getMapping(RepositoryMapping.java:296) [org.eclipse.egit.core_5.4.0.201906121030-r.jar:na]
	at org.eclipse.egit.core.internal.util.ResourceUtil.getRepository(ResourceUtil.java:712) [org.eclipse.egit.core_5.4.0.201906121030-r.jar:na]
	at org.eclipse.egit.ui.internal.resources.ResourceStateFactory.getIndexDiffDataOrNull(ResourceStateFactory.java:103) [org.eclipse.egit.ui_5.4.0.201906121030-r.jar:na]
	at org.eclipse.egit.ui.internal.decorators.GitLightweightDecorator.decorateResource(GitLightweightDecorator.java:224) [org.eclipse.egit.ui_5.4.0.201906121030-r.jar:na]
	at org.eclipse.egit.ui.internal.decorators.GitLightweightDecorator.decorate(GitLightweightDecorator.java:201) [org.eclipse.egit.ui_5.4.0.201906121030-r.jar:na]
	at org.eclipse.ui.internal.decorators.LightweightDecoratorDefinition.decorate(LightweightDecoratorDefinition.java:247) [org.eclipse.ui.workbench_3.115.0.v20190521-1602.jar:na]
	at org.eclipse.ui.internal.decorators.LightweightDecoratorManager$LightweightRunnable.run(LightweightDecoratorManager.java:105) [org.eclipse.ui.workbench_3.115.0.v20190521-1602.jar:na]
	at org.eclipse.core.runtime.SafeRunner.run(SafeRunner.java:45) [org.eclipse.equinox.common_3.10.400.v20190516-1504.jar:na]
	at org.eclipse.ui.internal.decorators.LightweightDecoratorManager.decorate(LightweightDecoratorManager.java:360) [org.eclipse.ui.workbench_3.115.0.v20190521-1602.jar:na]
	at org.eclipse.ui.internal.decorators.LightweightDecoratorManager.getDecorations(LightweightDecoratorManager.java:346) [org.eclipse.ui.workbench_3.115.0.v20190521-1602.jar:na]
	at org.eclipse.ui.internal.decorators.DecorationScheduler$1.ensureResultCached(DecorationScheduler.java:333) [org.eclipse.ui.workbench_3.115.0.v20190521-1602.jar:na]
	at org.eclipse.ui.internal.decorators.DecorationScheduler$1.run(DecorationScheduler.java:300) [org.eclipse.ui.workbench_3.115.0.v20190521-1602.jar:na]
	at org.eclipse.core.internal.jobs.Worker.run(Worker.java:63) [org.eclipse.core.jobs_3.10.400.v20190506-1457.jar:na]
2025-05-02 10:06:26,339 [Worker-1: Loading available Gradle versions] INFO  o.e.b.c.i.u.g.PublishedGradleVersions - Gradle version information cache is up-to-date. Trying to read.
2025-05-02 10:06:28,187 [Worker-4: Decoration Calculation] WARN  org.eclipse.jgit.util.FS - C:\Program Files\Git\etc\.probe-d16ae0a6-6b93-490b-a2b9-15f4b760fa95
java.nio.file.AccessDeniedException: C:\Program Files\Git\etc\.probe-d16ae0a6-6b93-490b-a2b9-15f4b760fa95
	at sun.nio.fs.WindowsException.translateToIOException(WindowsException.java:83) ~[na:1.8.0_442]
	at sun.nio.fs.WindowsException.rethrowAsIOException(WindowsException.java:97) ~[na:1.8.0_442]
	at sun.nio.fs.WindowsException.rethrowAsIOException(WindowsException.java:102) ~[na:1.8.0_442]
	at sun.nio.fs.WindowsFileSystemProvider.newByteChannel(WindowsFileSystemProvider.java:230) ~[na:1.8.0_442]
	at java.nio.file.Files.newByteChannel(Files.java:361) ~[na:1.8.0_442]
	at java.nio.file.Files.createFile(Files.java:632) ~[na:1.8.0_442]
	at org.eclipse.jgit.util.FS$FileStoreAttributeCache.<init>(FS.java:234) ~[org.eclipse.jgit_5.4.0.201906121030-r.jar:5.4.0.201906121030-r]
	at org.eclipse.jgit.util.FS$FileStoreAttributeCache.getFsTimestampResolution(FS.java:211) ~[org.eclipse.jgit_5.4.0.201906121030-r.jar:5.4.0.201906121030-r]
	at org.eclipse.jgit.util.FS.getFsTimerResolution(FS.java:321) [org.eclipse.jgit_5.4.0.201906121030-r.jar:5.4.0.201906121030-r]
	at org.eclipse.jgit.internal.storage.file.FileSnapshot.<init>(FileSnapshot.java:186) [org.eclipse.jgit_5.4.0.201906121030-r.jar:5.4.0.201906121030-r]
	at org.eclipse.jgit.internal.storage.file.FileSnapshot.save(FileSnapshot.java:122) [org.eclipse.jgit_5.4.0.201906121030-r.jar:5.4.0.201906121030-r]
	at org.eclipse.jgit.storage.file.FileBasedConfig.load(FileBasedConfig.java:156) [org.eclipse.jgit_5.4.0.201906121030-r.jar:5.4.0.201906121030-r]
	at org.eclipse.jgit.internal.storage.file.FileRepository.loadSystemConfig(FileRepository.java:245) [org.eclipse.jgit_5.4.0.201906121030-r.jar:5.4.0.201906121030-r]
	at org.eclipse.jgit.internal.storage.file.FileRepository.<init>(FileRepository.java:203) [org.eclipse.jgit_5.4.0.201906121030-r.jar:5.4.0.201906121030-r]
	at org.eclipse.jgit.storage.file.FileRepositoryBuilder.build(FileRepositoryBuilder.java:88) [org.eclipse.jgit_5.4.0.201906121030-r.jar:5.4.0.201906121030-r]
	at org.eclipse.jgit.storage.file.FileRepositoryBuilder.create(FileRepositoryBuilder.java:108) [org.eclipse.jgit_5.4.0.201906121030-r.jar:5.4.0.201906121030-r]
	at org.eclipse.egit.core.RepositoryCache.lookupRepository(RepositoryCache.java:58) [org.eclipse.egit.core_5.4.0.201906121030-r.jar:na]
	at org.eclipse.egit.core.project.GitProjectData.map(GitProjectData.java:693) [org.eclipse.egit.core_5.4.0.201906121030-r.jar:na]
	at org.eclipse.egit.core.project.GitProjectData.remapAll(GitProjectData.java:651) [org.eclipse.egit.core_5.4.0.201906121030-r.jar:na]
	at org.eclipse.egit.core.project.GitProjectData.load(GitProjectData.java:634) [org.eclipse.egit.core_5.4.0.201906121030-r.jar:na]
	at org.eclipse.egit.core.project.GitProjectData.get(GitProjectData.java:220) [org.eclipse.egit.core_5.4.0.201906121030-r.jar:na]
	at org.eclipse.egit.core.GitProvider.getData(GitProvider.java:108) [org.eclipse.egit.core_5.4.0.201906121030-r.jar:na]
	at org.eclipse.egit.core.project.RepositoryMapping.getProjectData(RepositoryMapping.java:340) [org.eclipse.egit.core_5.4.0.201906121030-r.jar:na]
	at org.eclipse.egit.core.project.RepositoryMapping.findMapping(RepositoryMapping.java:356) [org.eclipse.egit.core_5.4.0.201906121030-r.jar:na]
	at org.eclipse.egit.core.project.RepositoryMapping.getMapping(RepositoryMapping.java:296) [org.eclipse.egit.core_5.4.0.201906121030-r.jar:na]
	at org.eclipse.egit.core.internal.util.ResourceUtil.getRepository(ResourceUtil.java:712) [org.eclipse.egit.core_5.4.0.201906121030-r.jar:na]
	at org.eclipse.egit.ui.internal.resources.ResourceStateFactory.getIndexDiffDataOrNull(ResourceStateFactory.java:103) [org.eclipse.egit.ui_5.4.0.201906121030-r.jar:na]
	at org.eclipse.egit.ui.internal.decorators.GitLightweightDecorator.decorateResource(GitLightweightDecorator.java:224) [org.eclipse.egit.ui_5.4.0.201906121030-r.jar:na]
	at org.eclipse.egit.ui.internal.decorators.GitLightweightDecorator.decorate(GitLightweightDecorator.java:201) [org.eclipse.egit.ui_5.4.0.201906121030-r.jar:na]
	at org.eclipse.ui.internal.decorators.LightweightDecoratorDefinition.decorate(LightweightDecoratorDefinition.java:247) [org.eclipse.ui.workbench_3.115.0.v20190521-1602.jar:na]
	at org.eclipse.ui.internal.decorators.LightweightDecoratorManager$LightweightRunnable.run(LightweightDecoratorManager.java:105) [org.eclipse.ui.workbench_3.115.0.v20190521-1602.jar:na]
	at org.eclipse.core.runtime.SafeRunner.run(SafeRunner.java:45) [org.eclipse.equinox.common_3.10.400.v20190516-1504.jar:na]
	at org.eclipse.ui.internal.decorators.LightweightDecoratorManager.decorate(LightweightDecoratorManager.java:360) [org.eclipse.ui.workbench_3.115.0.v20190521-1602.jar:na]
	at org.eclipse.ui.internal.decorators.LightweightDecoratorManager.getDecorations(LightweightDecoratorManager.java:346) [org.eclipse.ui.workbench_3.115.0.v20190521-1602.jar:na]
	at org.eclipse.ui.internal.decorators.DecorationScheduler$1.ensureResultCached(DecorationScheduler.java:333) [org.eclipse.ui.workbench_3.115.0.v20190521-1602.jar:na]
	at org.eclipse.ui.internal.decorators.DecorationScheduler$1.run(DecorationScheduler.java:300) [org.eclipse.ui.workbench_3.115.0.v20190521-1602.jar:na]
	at org.eclipse.core.internal.jobs.Worker.run(Worker.java:63) [org.eclipse.core.jobs_3.10.400.v20190506-1457.jar:na]
2025-05-08 10:04:57,444 [Worker-5: Loading available Gradle versions] INFO  o.e.b.c.i.u.g.PublishedGradleVersions - Gradle version information cache is out-of-date. Trying to update.
2025-05-08 10:05:00,139 [Worker-2: Decoration Calculation] WARN  org.eclipse.jgit.util.FS - C:\Program Files\Git\etc\.probe-4dbef8fa-1772-4caa-9336-28983237fe4d
java.nio.file.AccessDeniedException: C:\Program Files\Git\etc\.probe-4dbef8fa-1772-4caa-9336-28983237fe4d
	at sun.nio.fs.WindowsException.translateToIOException(WindowsException.java:83) ~[na:1.8.0_442]
	at sun.nio.fs.WindowsException.rethrowAsIOException(WindowsException.java:97) ~[na:1.8.0_442]
	at sun.nio.fs.WindowsException.rethrowAsIOException(WindowsException.java:102) ~[na:1.8.0_442]
	at sun.nio.fs.WindowsFileSystemProvider.newByteChannel(WindowsFileSystemProvider.java:230) ~[na:1.8.0_442]
	at java.nio.file.Files.newByteChannel(Files.java:361) ~[na:1.8.0_442]
	at java.nio.file.Files.createFile(Files.java:632) ~[na:1.8.0_442]
	at org.eclipse.jgit.util.FS$FileStoreAttributeCache.<init>(FS.java:234) ~[org.eclipse.jgit_5.4.0.201906121030-r.jar:5.4.0.201906121030-r]
	at org.eclipse.jgit.util.FS$FileStoreAttributeCache.getFsTimestampResolution(FS.java:211) ~[org.eclipse.jgit_5.4.0.201906121030-r.jar:5.4.0.201906121030-r]
	at org.eclipse.jgit.util.FS.getFsTimerResolution(FS.java:321) [org.eclipse.jgit_5.4.0.201906121030-r.jar:5.4.0.201906121030-r]
	at org.eclipse.jgit.internal.storage.file.FileSnapshot.<init>(FileSnapshot.java:186) [org.eclipse.jgit_5.4.0.201906121030-r.jar:5.4.0.201906121030-r]
	at org.eclipse.jgit.internal.storage.file.FileSnapshot.save(FileSnapshot.java:122) [org.eclipse.jgit_5.4.0.201906121030-r.jar:5.4.0.201906121030-r]
	at org.eclipse.jgit.storage.file.FileBasedConfig.load(FileBasedConfig.java:156) [org.eclipse.jgit_5.4.0.201906121030-r.jar:5.4.0.201906121030-r]
	at org.eclipse.jgit.internal.storage.file.FileRepository.loadSystemConfig(FileRepository.java:245) [org.eclipse.jgit_5.4.0.201906121030-r.jar:5.4.0.201906121030-r]
	at org.eclipse.jgit.internal.storage.file.FileRepository.<init>(FileRepository.java:203) [org.eclipse.jgit_5.4.0.201906121030-r.jar:5.4.0.201906121030-r]
	at org.eclipse.jgit.storage.file.FileRepositoryBuilder.build(FileRepositoryBuilder.java:88) [org.eclipse.jgit_5.4.0.201906121030-r.jar:5.4.0.201906121030-r]
	at org.eclipse.jgit.storage.file.FileRepositoryBuilder.create(FileRepositoryBuilder.java:108) [org.eclipse.jgit_5.4.0.201906121030-r.jar:5.4.0.201906121030-r]
	at org.eclipse.egit.core.RepositoryCache.lookupRepository(RepositoryCache.java:58) [org.eclipse.egit.core_5.4.0.201906121030-r.jar:na]
	at org.eclipse.egit.core.project.GitProjectData.map(GitProjectData.java:693) [org.eclipse.egit.core_5.4.0.201906121030-r.jar:na]
	at org.eclipse.egit.core.project.GitProjectData.remapAll(GitProjectData.java:651) [org.eclipse.egit.core_5.4.0.201906121030-r.jar:na]
	at org.eclipse.egit.core.project.GitProjectData.load(GitProjectData.java:634) [org.eclipse.egit.core_5.4.0.201906121030-r.jar:na]
	at org.eclipse.egit.core.project.GitProjectData.get(GitProjectData.java:220) [org.eclipse.egit.core_5.4.0.201906121030-r.jar:na]
	at org.eclipse.egit.core.GitProvider.getData(GitProvider.java:108) [org.eclipse.egit.core_5.4.0.201906121030-r.jar:na]
	at org.eclipse.egit.core.project.RepositoryMapping.getProjectData(RepositoryMapping.java:340) [org.eclipse.egit.core_5.4.0.201906121030-r.jar:na]
	at org.eclipse.egit.core.project.RepositoryMapping.findMapping(RepositoryMapping.java:356) [org.eclipse.egit.core_5.4.0.201906121030-r.jar:na]
	at org.eclipse.egit.core.project.RepositoryMapping.getMapping(RepositoryMapping.java:296) [org.eclipse.egit.core_5.4.0.201906121030-r.jar:na]
	at org.eclipse.egit.core.internal.util.ResourceUtil.getRepository(ResourceUtil.java:712) [org.eclipse.egit.core_5.4.0.201906121030-r.jar:na]
	at org.eclipse.egit.ui.internal.resources.ResourceStateFactory.getIndexDiffDataOrNull(ResourceStateFactory.java:103) [org.eclipse.egit.ui_5.4.0.201906121030-r.jar:na]
	at org.eclipse.egit.ui.internal.decorators.GitLightweightDecorator.decorateResource(GitLightweightDecorator.java:224) [org.eclipse.egit.ui_5.4.0.201906121030-r.jar:na]
	at org.eclipse.egit.ui.internal.decorators.GitLightweightDecorator.decorate(GitLightweightDecorator.java:201) [org.eclipse.egit.ui_5.4.0.201906121030-r.jar:na]
	at org.eclipse.ui.internal.decorators.LightweightDecoratorDefinition.decorate(LightweightDecoratorDefinition.java:247) [org.eclipse.ui.workbench_3.115.0.v20190521-1602.jar:na]
	at org.eclipse.ui.internal.decorators.LightweightDecoratorManager$LightweightRunnable.run(LightweightDecoratorManager.java:105) [org.eclipse.ui.workbench_3.115.0.v20190521-1602.jar:na]
	at org.eclipse.core.runtime.SafeRunner.run(SafeRunner.java:45) [org.eclipse.equinox.common_3.10.400.v20190516-1504.jar:na]
	at org.eclipse.ui.internal.decorators.LightweightDecoratorManager.decorate(LightweightDecoratorManager.java:360) [org.eclipse.ui.workbench_3.115.0.v20190521-1602.jar:na]
	at org.eclipse.ui.internal.decorators.LightweightDecoratorManager.getDecorations(LightweightDecoratorManager.java:346) [org.eclipse.ui.workbench_3.115.0.v20190521-1602.jar:na]
	at org.eclipse.ui.internal.decorators.DecorationScheduler$1.ensureResultCached(DecorationScheduler.java:333) [org.eclipse.ui.workbench_3.115.0.v20190521-1602.jar:na]
	at org.eclipse.ui.internal.decorators.DecorationScheduler$1.run(DecorationScheduler.java:300) [org.eclipse.ui.workbench_3.115.0.v20190521-1602.jar:na]
	at org.eclipse.core.internal.jobs.Worker.run(Worker.java:63) [org.eclipse.core.jobs_3.10.400.v20190506-1457.jar:na]
2025-05-08 10:09:31,333 [Worker-8: Enabling Maven Dependency Management] INFO  o.e.m.c.i.e.AbstractTransferListenerAdapter - Downloading https://repo.maven.apache.org/maven2/org/apache/maven/plugins/maven-war-plugin/3.2.1/maven-war-plugin-3.2.1.jar
2025-05-08 10:09:31,371 [Worker-8: Enabling Maven Dependency Management] INFO  o.e.m.c.i.e.AbstractTransferListenerAdapter - Downloaded https://repo.maven.apache.org/maven2/org/apache/maven/plugins/maven-war-plugin/3.2.1/maven-war-plugin-3.2.1.jar
2025-05-08 10:09:34,635 [Worker-8: Enabling Maven Dependency Management] INFO  o.e.m.c.i.l.LifecycleMappingFactory - Using org.maven.ide.eclipse.wtp.WarLifecycleMapping lifecycle mapping for MavenProject: com.myweb:web20:0.0.1-SNAPSHOT @ D:\MSAFullstackJava\webWorkspace\web20\pom.xml.
2025-05-08 10:09:34,698 [Worker-8: Enabling Maven Dependency Management] INFO  o.e.m.c.i.e.AbstractTransferListenerAdapter - Downloading https://repo.maven.apache.org/maven2/org/apache/maven/plugins/maven-war-plugin/3.2.1/maven-war-plugin-3.2.1.pom
2025-05-08 10:09:34,735 [Worker-8: Enabling Maven Dependency Management] INFO  o.e.m.c.i.e.AbstractTransferListenerAdapter - Downloaded https://repo.maven.apache.org/maven2/org/apache/maven/plugins/maven-war-plugin/3.2.1/maven-war-plugin-3.2.1.pom
2025-05-08 10:09:34,750 [Worker-8: Enabling Maven Dependency Management] INFO  o.e.m.c.i.e.AbstractTransferListenerAdapter - Downloading https://repo.maven.apache.org/maven2/org/apache/maven/plugins/maven-plugins/31/maven-plugins-31.pom
2025-05-08 10:09:34,784 [Worker-8: Enabling Maven Dependency Management] INFO  o.e.m.c.i.e.AbstractTransferListenerAdapter - Downloaded https://repo.maven.apache.org/maven2/org/apache/maven/plugins/maven-plugins/31/maven-plugins-31.pom
2025-05-08 10:09:34,793 [Worker-8: Enabling Maven Dependency Management] INFO  o.e.m.c.i.e.AbstractTransferListenerAdapter - Downloading https://repo.maven.apache.org/maven2/org/apache/maven/maven-parent/31/maven-parent-31.pom
2025-05-08 10:09:34,822 [Worker-8: Enabling Maven Dependency Management] INFO  o.e.m.c.i.e.AbstractTransferListenerAdapter - Downloaded https://repo.maven.apache.org/maven2/org/apache/maven/maven-parent/31/maven-parent-31.pom
2025-05-08 10:09:34,831 [Worker-8: Enabling Maven Dependency Management] INFO  o.e.m.c.i.e.AbstractTransferListenerAdapter - Downloading https://repo.maven.apache.org/maven2/org/apache/apache/19/apache-19.pom
2025-05-08 10:09:34,859 [Worker-8: Enabling Maven Dependency Management] INFO  o.e.m.c.i.e.AbstractTransferListenerAdapter - Downloaded https://repo.maven.apache.org/maven2/org/apache/apache/19/apache-19.pom
2025-05-08 10:09:35,069 [Worker-8: Enabling Maven Dependency Management] INFO  o.e.m.c.i.e.AbstractTransferListenerAdapter - Downloading https://repo.maven.apache.org/maven2/org/apache/maven/maven-archiver/3.2.0/maven-archiver-3.2.0.pom
2025-05-08 10:09:35,097 [Worker-8: Enabling Maven Dependency Management] INFO  o.e.m.c.i.e.AbstractTransferListenerAdapter - Downloaded https://repo.maven.apache.org/maven2/org/apache/maven/maven-archiver/3.2.0/maven-archiver-3.2.0.pom
2025-05-08 10:09:35,112 [Worker-8: Enabling Maven Dependency Management] INFO  o.e.m.c.i.e.AbstractTransferListenerAdapter - Downloading https://repo.maven.apache.org/maven2/org/apache/maven/shared/maven-shared-utils/3.2.0/maven-shared-utils-3.2.0.pom
2025-05-08 10:09:35,143 [Worker-8: Enabling Maven Dependency Management] INFO  o.e.m.c.i.e.AbstractTransferListenerAdapter - Downloaded https://repo.maven.apache.org/maven2/org/apache/maven/shared/maven-shared-utils/3.2.0/maven-shared-utils-3.2.0.pom
2025-05-08 10:09:35,161 [Worker-8: Enabling Maven Dependency Management] INFO  o.e.m.c.i.e.AbstractTransferListenerAdapter - Downloading https://repo.maven.apache.org/maven2/org/codehaus/plexus/plexus-archiver/3.5/plexus-archiver-3.5.pom
2025-05-08 10:09:35,188 [Worker-8: Enabling Maven Dependency Management] INFO  o.e.m.c.i.e.AbstractTransferListenerAdapter - Downloaded https://repo.maven.apache.org/maven2/org/codehaus/plexus/plexus-archiver/3.5/plexus-archiver-3.5.pom
2025-05-08 10:09:35,196 [Worker-8: Enabling Maven Dependency Management] INFO  o.e.m.c.i.e.AbstractTransferListenerAdapter - Downloading https://repo.maven.apache.org/maven2/org/codehaus/plexus/plexus/5.0/plexus-5.0.pom
2025-05-08 10:09:35,220 [Worker-8: Enabling Maven Dependency Management] INFO  o.e.m.c.i.e.AbstractTransferListenerAdapter - Downloaded https://repo.maven.apache.org/maven2/org/codehaus/plexus/plexus/5.0/plexus-5.0.pom
2025-05-08 10:09:35,230 [Worker-8: Enabling Maven Dependency Management] INFO  o.e.m.c.i.e.AbstractTransferListenerAdapter - Downloading https://repo.maven.apache.org/maven2/org/codehaus/plexus/plexus-utils/3.0.24/plexus-utils-3.0.24.pom
2025-05-08 10:09:35,257 [Worker-8: Enabling Maven Dependency Management] INFO  o.e.m.c.i.e.AbstractTransferListenerAdapter - Downloaded https://repo.maven.apache.org/maven2/org/codehaus/plexus/plexus-utils/3.0.24/plexus-utils-3.0.24.pom
2025-05-08 10:09:35,267 [Worker-8: Enabling Maven Dependency Management] INFO  o.e.m.c.i.e.AbstractTransferListenerAdapter - Downloading https://repo.maven.apache.org/maven2/org/codehaus/plexus/plexus-io/3.0.0/plexus-io-3.0.0.pom
2025-05-08 10:09:35,292 [Worker-8: Enabling Maven Dependency Management] INFO  o.e.m.c.i.e.AbstractTransferListenerAdapter - Downloaded https://repo.maven.apache.org/maven2/org/codehaus/plexus/plexus-io/3.0.0/plexus-io-3.0.0.pom
2025-05-08 10:09:35,302 [Worker-8: Enabling Maven Dependency Management] INFO  o.e.m.c.i.e.AbstractTransferListenerAdapter - Downloading https://repo.maven.apache.org/maven2/org/apache/commons/commons-compress/1.14/commons-compress-1.14.pom
2025-05-08 10:09:35,327 [Worker-8: Enabling Maven Dependency Management] INFO  o.e.m.c.i.e.AbstractTransferListenerAdapter - Downloaded https://repo.maven.apache.org/maven2/org/apache/commons/commons-compress/1.14/commons-compress-1.14.pom
2025-05-08 10:09:35,337 [Worker-8: Enabling Maven Dependency Management] INFO  o.e.m.c.i.e.AbstractTransferListenerAdapter - Downloading https://repo.maven.apache.org/maven2/org/apache/commons/commons-parent/42/commons-parent-42.pom
2025-05-08 10:09:35,370 [Worker-8: Enabling Maven Dependency Management] INFO  o.e.m.c.i.e.AbstractTransferListenerAdapter - Downloaded https://repo.maven.apache.org/maven2/org/apache/commons/commons-parent/42/commons-parent-42.pom
2025-05-08 10:09:35,385 [Worker-8: Enabling Maven Dependency Management] INFO  o.e.m.c.i.e.AbstractTransferListenerAdapter - Downloading https://repo.maven.apache.org/maven2/org/iq80/snappy/snappy/0.4/snappy-0.4.pom
2025-05-08 10:09:35,413 [Worker-8: Enabling Maven Dependency Management] INFO  o.e.m.c.i.e.AbstractTransferListenerAdapter - Downloaded https://repo.maven.apache.org/maven2/org/iq80/snappy/snappy/0.4/snappy-0.4.pom
2025-05-08 10:09:35,425 [Worker-8: Enabling Maven Dependency Management] INFO  o.e.m.c.i.e.AbstractTransferListenerAdapter - Downloading https://repo.maven.apache.org/maven2/org/tukaani/xz/1.6/xz-1.6.pom
2025-05-08 10:09:35,451 [Worker-8: Enabling Maven Dependency Management] INFO  o.e.m.c.i.e.AbstractTransferListenerAdapter - Downloaded https://repo.maven.apache.org/maven2/org/tukaani/xz/1.6/xz-1.6.pom
2025-05-08 10:09:35,463 [Worker-8: Enabling Maven Dependency Management] INFO  o.e.m.c.i.e.AbstractTransferListenerAdapter - Downloading https://repo.maven.apache.org/maven2/org/codehaus/plexus/plexus-interpolation/1.22/plexus-interpolation-1.22.pom
2025-05-08 10:09:35,489 [Worker-8: Enabling Maven Dependency Management] INFO  o.e.m.c.i.e.AbstractTransferListenerAdapter - Downloaded https://repo.maven.apache.org/maven2/org/codehaus/plexus/plexus-interpolation/1.22/plexus-interpolation-1.22.pom
2025-05-08 10:09:35,498 [Worker-8: Enabling Maven Dependency Management] INFO  o.e.m.c.i.e.AbstractTransferListenerAdapter - Downloading https://repo.maven.apache.org/maven2/org/codehaus/plexus/plexus-components/1.3.1/plexus-components-1.3.1.pom
2025-05-08 10:09:35,523 [Worker-8: Enabling Maven Dependency Management] INFO  o.e.m.c.i.e.AbstractTransferListenerAdapter - Downloaded https://repo.maven.apache.org/maven2/org/codehaus/plexus/plexus-components/1.3.1/plexus-components-1.3.1.pom
2025-05-08 10:09:35,535 [Worker-8: Enabling Maven Dependency Management] INFO  o.e.m.c.i.e.AbstractTransferListenerAdapter - Downloading https://repo.maven.apache.org/maven2/org/codehaus/plexus/plexus-archiver/3.6.0/plexus-archiver-3.6.0.pom
2025-05-08 10:09:35,559 [Worker-8: Enabling Maven Dependency Management] INFO  o.e.m.c.i.e.AbstractTransferListenerAdapter - Downloaded https://repo.maven.apache.org/maven2/org/codehaus/plexus/plexus-archiver/3.6.0/plexus-archiver-3.6.0.pom
2025-05-08 10:09:35,569 [Worker-8: Enabling Maven Dependency Management] INFO  o.e.m.c.i.e.AbstractTransferListenerAdapter - Downloading https://repo.maven.apache.org/maven2/org/codehaus/plexus/plexus-utils/3.1.0/plexus-utils-3.1.0.pom
2025-05-08 10:09:35,595 [Worker-8: Enabling Maven Dependency Management] INFO  o.e.m.c.i.e.AbstractTransferListenerAdapter - Downloaded https://repo.maven.apache.org/maven2/org/codehaus/plexus/plexus-utils/3.1.0/plexus-utils-3.1.0.pom
2025-05-08 10:09:35,637 [Worker-8: Enabling Maven Dependency Management] INFO  o.e.m.c.i.e.AbstractTransferListenerAdapter - Downloading https://repo.maven.apache.org/maven2/org/codehaus/plexus/plexus-io/3.0.1/plexus-io-3.0.1.pom
2025-05-08 10:09:35,663 [Worker-8: Enabling Maven Dependency Management] INFO  o.e.m.c.i.e.AbstractTransferListenerAdapter - Downloaded https://repo.maven.apache.org/maven2/org/codehaus/plexus/plexus-io/3.0.1/plexus-io-3.0.1.pom
2025-05-08 10:09:35,675 [Worker-8: Enabling Maven Dependency Management] INFO  o.e.m.c.i.e.AbstractTransferListenerAdapter - Downloading https://repo.maven.apache.org/maven2/commons-io/commons-io/2.6/commons-io-2.6.pom
2025-05-08 10:09:35,703 [Worker-8: Enabling Maven Dependency Management] INFO  o.e.m.c.i.e.AbstractTransferListenerAdapter - Downloaded https://repo.maven.apache.org/maven2/commons-io/commons-io/2.6/commons-io-2.6.pom
2025-05-08 10:09:35,714 [Worker-8: Enabling Maven Dependency Management] INFO  o.e.m.c.i.e.AbstractTransferListenerAdapter - Downloading https://repo.maven.apache.org/maven2/org/apache/commons/commons-compress/1.16.1/commons-compress-1.16.1.pom
2025-05-08 10:09:35,747 [Worker-8: Enabling Maven Dependency Management] INFO  o.e.m.c.i.e.AbstractTransferListenerAdapter - Downloaded https://repo.maven.apache.org/maven2/org/apache/commons/commons-compress/1.16.1/commons-compress-1.16.1.pom
2025-05-08 10:09:35,756 [Worker-8: Enabling Maven Dependency Management] INFO  o.e.m.c.i.e.AbstractTransferListenerAdapter - Downloading https://repo.maven.apache.org/maven2/org/apache/commons/commons-parent/43/commons-parent-43.pom
2025-05-08 10:09:35,792 [Worker-8: Enabling Maven Dependency Management] INFO  o.e.m.c.i.e.AbstractTransferListenerAdapter - Downloaded https://repo.maven.apache.org/maven2/org/apache/commons/commons-parent/43/commons-parent-43.pom
2025-05-08 10:09:35,804 [Worker-8: Enabling Maven Dependency Management] INFO  o.e.m.c.i.e.AbstractTransferListenerAdapter - Downloading https://repo.maven.apache.org/maven2/org/objenesis/objenesis/2.6/objenesis-2.6.pom
2025-05-08 10:09:35,829 [Worker-8: Enabling Maven Dependency Management] INFO  o.e.m.c.i.e.AbstractTransferListenerAdapter - Downloaded https://repo.maven.apache.org/maven2/org/objenesis/objenesis/2.6/objenesis-2.6.pom
2025-05-08 10:09:35,838 [Worker-8: Enabling Maven Dependency Management] INFO  o.e.m.c.i.e.AbstractTransferListenerAdapter - Downloading https://repo.maven.apache.org/maven2/org/objenesis/objenesis-parent/2.6/objenesis-parent-2.6.pom
2025-05-08 10:09:35,866 [Worker-8: Enabling Maven Dependency Management] INFO  o.e.m.c.i.e.AbstractTransferListenerAdapter - Downloaded https://repo.maven.apache.org/maven2/org/objenesis/objenesis-parent/2.6/objenesis-parent-2.6.pom
2025-05-08 10:09:35,875 [Worker-8: Enabling Maven Dependency Management] INFO  o.e.m.c.i.e.AbstractTransferListenerAdapter - Downloading https://repo.maven.apache.org/maven2/org/tukaani/xz/1.8/xz-1.8.pom
2025-05-08 10:09:35,903 [Worker-8: Enabling Maven Dependency Management] INFO  o.e.m.c.i.e.AbstractTransferListenerAdapter - Downloaded https://repo.maven.apache.org/maven2/org/tukaani/xz/1.8/xz-1.8.pom
2025-05-08 10:09:35,911 [Worker-8: Enabling Maven Dependency Management] INFO  o.e.m.c.i.e.AbstractTransferListenerAdapter - Downloading https://repo.maven.apache.org/maven2/org/codehaus/plexus/plexus-interpolation/1.24/plexus-interpolation-1.24.pom
2025-05-08 10:09:35,937 [Worker-8: Enabling Maven Dependency Management] INFO  o.e.m.c.i.e.AbstractTransferListenerAdapter - Downloaded https://repo.maven.apache.org/maven2/org/codehaus/plexus/plexus-interpolation/1.24/plexus-interpolation-1.24.pom
2025-05-08 10:09:35,948 [Worker-8: Enabling Maven Dependency Management] INFO  o.e.m.c.i.e.AbstractTransferListenerAdapter - Downloading https://repo.maven.apache.org/maven2/com/thoughtworks/xstream/xstream/1.4.10/xstream-1.4.10.pom
2025-05-08 10:09:35,977 [Worker-8: Enabling Maven Dependency Management] INFO  o.e.m.c.i.e.AbstractTransferListenerAdapter - Downloaded https://repo.maven.apache.org/maven2/com/thoughtworks/xstream/xstream/1.4.10/xstream-1.4.10.pom
2025-05-08 10:09:35,986 [Worker-8: Enabling Maven Dependency Management] INFO  o.e.m.c.i.e.AbstractTransferListenerAdapter - Downloading https://repo.maven.apache.org/maven2/com/thoughtworks/xstream/xstream-parent/1.4.10/xstream-parent-1.4.10.pom
2025-05-08 10:09:36,015 [Worker-8: Enabling Maven Dependency Management] INFO  o.e.m.c.i.e.AbstractTransferListenerAdapter - Downloaded https://repo.maven.apache.org/maven2/com/thoughtworks/xstream/xstream-parent/1.4.10/xstream-parent-1.4.10.pom
2025-05-08 10:09:36,025 [Worker-8: Enabling Maven Dependency Management] INFO  o.e.m.c.i.e.AbstractTransferListenerAdapter - Downloading https://repo.maven.apache.org/maven2/xmlpull/xmlpull/1.1.3.1/xmlpull-1.1.3.1.pom
2025-05-08 10:09:36,055 [Worker-8: Enabling Maven Dependency Management] INFO  o.e.m.c.i.e.AbstractTransferListenerAdapter - Downloaded https://repo.maven.apache.org/maven2/xmlpull/xmlpull/1.1.3.1/xmlpull-1.1.3.1.pom
2025-05-08 10:09:36,064 [Worker-8: Enabling Maven Dependency Management] INFO  o.e.m.c.i.e.AbstractTransferListenerAdapter - Downloading https://repo.maven.apache.org/maven2/xpp3/xpp3_min/1.1.4c/xpp3_min-1.1.4c.pom
2025-05-08 10:09:36,089 [Worker-8: Enabling Maven Dependency Management] INFO  o.e.m.c.i.e.AbstractTransferListenerAdapter - Downloaded https://repo.maven.apache.org/maven2/xpp3/xpp3_min/1.1.4c/xpp3_min-1.1.4c.pom
2025-05-08 10:09:36,098 [Worker-8: Enabling Maven Dependency Management] INFO  o.e.m.c.i.e.AbstractTransferListenerAdapter - Downloading https://repo.maven.apache.org/maven2/org/apache/maven/shared/maven-filtering/3.1.1/maven-filtering-3.1.1.pom
2025-05-08 10:09:36,124 [Worker-8: Enabling Maven Dependency Management] INFO  o.e.m.c.i.e.AbstractTransferListenerAdapter - Downloaded https://repo.maven.apache.org/maven2/org/apache/maven/shared/maven-filtering/3.1.1/maven-filtering-3.1.1.pom
2025-05-08 10:09:36,135 [Worker-8: Enabling Maven Dependency Management] INFO  o.e.m.c.i.e.AbstractTransferListenerAdapter - Downloading https://repo.maven.apache.org/maven2/org/apache/maven/shared/maven-shared-utils/3.0.0/maven-shared-utils-3.0.0.pom
2025-05-08 10:09:36,161 [Worker-8: Enabling Maven Dependency Management] INFO  o.e.m.c.i.e.AbstractTransferListenerAdapter - Downloaded https://repo.maven.apache.org/maven2/org/apache/maven/shared/maven-shared-utils/3.0.0/maven-shared-utils-3.0.0.pom
2025-05-08 10:09:36,169 [Worker-8: Enabling Maven Dependency Management] INFO  o.e.m.c.i.e.AbstractTransferListenerAdapter - Downloading https://repo.maven.apache.org/maven2/org/apache/maven/shared/maven-shared-components/21/maven-shared-components-21.pom
2025-05-08 10:09:36,196 [Worker-8: Enabling Maven Dependency Management] INFO  o.e.m.c.i.e.AbstractTransferListenerAdapter - Downloaded https://repo.maven.apache.org/maven2/org/apache/maven/shared/maven-shared-components/21/maven-shared-components-21.pom
2025-05-08 10:09:36,204 [Worker-8: Enabling Maven Dependency Management] INFO  o.e.m.c.i.e.AbstractTransferListenerAdapter - Downloading https://repo.maven.apache.org/maven2/org/apache/maven/maven-parent/25/maven-parent-25.pom
2025-05-08 10:09:36,231 [Worker-8: Enabling Maven Dependency Management] INFO  o.e.m.c.i.e.AbstractTransferListenerAdapter - Downloaded https://repo.maven.apache.org/maven2/org/apache/maven/maven-parent/25/maven-parent-25.pom
2025-05-08 10:09:36,240 [Worker-8: Enabling Maven Dependency Management] INFO  o.e.m.c.i.e.AbstractTransferListenerAdapter - Downloading https://repo.maven.apache.org/maven2/org/apache/apache/15/apache-15.pom
2025-05-08 10:09:36,265 [Worker-8: Enabling Maven Dependency Management] INFO  o.e.m.c.i.e.AbstractTransferListenerAdapter - Downloaded https://repo.maven.apache.org/maven2/org/apache/apache/15/apache-15.pom
2025-05-08 10:09:36,275 [Worker-8: Enabling Maven Dependency Management] INFO  o.e.m.c.i.e.AbstractTransferListenerAdapter - Downloading https://repo.maven.apache.org/maven2/commons-io/commons-io/2.4/commons-io-2.4.pom
2025-05-08 10:09:36,299 [Worker-8: Enabling Maven Dependency Management] INFO  o.e.m.c.i.e.AbstractTransferListenerAdapter - Downloaded https://repo.maven.apache.org/maven2/commons-io/commons-io/2.4/commons-io-2.4.pom
2025-05-08 10:09:36,307 [Worker-8: Enabling Maven Dependency Management] INFO  o.e.m.c.i.e.AbstractTransferListenerAdapter - Downloading https://repo.maven.apache.org/maven2/org/apache/commons/commons-parent/25/commons-parent-25.pom
2025-05-08 10:09:36,338 [Worker-8: Enabling Maven Dependency Management] INFO  o.e.m.c.i.e.AbstractTransferListenerAdapter - Downloaded https://repo.maven.apache.org/maven2/org/apache/commons/commons-parent/25/commons-parent-25.pom
2025-05-08 10:09:36,346 [Worker-8: Enabling Maven Dependency Management] INFO  o.e.m.c.i.e.AbstractTransferListenerAdapter - Downloading https://repo.maven.apache.org/maven2/org/apache/apache/9/apache-9.pom
2025-05-08 10:09:36,373 [Worker-8: Enabling Maven Dependency Management] INFO  o.e.m.c.i.e.AbstractTransferListenerAdapter - Downloaded https://repo.maven.apache.org/maven2/org/apache/apache/9/apache-9.pom
2025-05-08 10:09:36,395 [Worker-8: Enabling Maven Dependency Management] INFO  o.e.m.c.i.e.AbstractTransferListenerAdapter - Downloading https://repo.maven.apache.org/maven2/org/sonatype/plexus/plexus-build-api/0.0.7/plexus-build-api-0.0.7.pom
2025-05-08 10:09:36,421 [Worker-8: Enabling Maven Dependency Management] INFO  o.e.m.c.i.e.AbstractTransferListenerAdapter - Downloaded https://repo.maven.apache.org/maven2/org/sonatype/plexus/plexus-build-api/0.0.7/plexus-build-api-0.0.7.pom
2025-05-08 10:09:36,429 [Worker-8: Enabling Maven Dependency Management] INFO  o.e.m.c.i.e.AbstractTransferListenerAdapter - Downloading https://repo.maven.apache.org/maven2/org/sonatype/spice/spice-parent/15/spice-parent-15.pom
2025-05-08 10:09:36,454 [Worker-8: Enabling Maven Dependency Management] INFO  o.e.m.c.i.e.AbstractTransferListenerAdapter - Downloaded https://repo.maven.apache.org/maven2/org/sonatype/spice/spice-parent/15/spice-parent-15.pom
2025-05-08 10:09:36,498 [Worker-8: Enabling Maven Dependency Management] INFO  o.e.m.c.i.e.AbstractTransferListenerAdapter - Downloading https://repo.maven.apache.org/maven2/org/apache/maven/shared/maven-mapping/3.0.0/maven-mapping-3.0.0.pom
2025-05-08 10:09:36,526 [Worker-8: Enabling Maven Dependency Management] INFO  o.e.m.c.i.e.AbstractTransferListenerAdapter - Downloaded https://repo.maven.apache.org/maven2/org/apache/maven/shared/maven-mapping/3.0.0/maven-mapping-3.0.0.pom
2025-05-08 10:09:36,536 [Worker-8: Enabling Maven Dependency Management] INFO  o.e.m.c.i.e.AbstractTransferListenerAdapter - Downloading https://repo.maven.apache.org/maven2/org/apache/maven/shared/maven-shared-components/22/maven-shared-components-22.pom
2025-05-08 10:09:36,563 [Worker-8: Enabling Maven Dependency Management] INFO  o.e.m.c.i.e.AbstractTransferListenerAdapter - Downloaded https://repo.maven.apache.org/maven2/org/apache/maven/shared/maven-shared-components/22/maven-shared-components-22.pom
2025-05-08 10:09:36,571 [Worker-8: Enabling Maven Dependency Management] INFO  o.e.m.c.i.e.AbstractTransferListenerAdapter - Downloading https://repo.maven.apache.org/maven2/org/apache/maven/maven-parent/27/maven-parent-27.pom
2025-05-08 10:09:36,602 [Worker-8: Enabling Maven Dependency Management] INFO  o.e.m.c.i.e.AbstractTransferListenerAdapter - Downloaded https://repo.maven.apache.org/maven2/org/apache/maven/maven-parent/27/maven-parent-27.pom
2025-05-08 10:09:36,611 [Worker-8: Enabling Maven Dependency Management] INFO  o.e.m.c.i.e.AbstractTransferListenerAdapter - Downloading https://repo.maven.apache.org/maven2/org/apache/apache/17/apache-17.pom
2025-05-08 10:09:36,638 [Worker-8: Enabling Maven Dependency Management] INFO  o.e.m.c.i.e.AbstractTransferListenerAdapter - Downloaded https://repo.maven.apache.org/maven2/org/apache/apache/17/apache-17.pom
2025-05-08 10:09:36,648 [Worker-8: Enabling Maven Dependency Management] INFO  o.e.m.c.i.e.AbstractTransferListenerAdapter - Downloading https://repo.maven.apache.org/maven2/org/codehaus/plexus/plexus-interpolation/1.21/plexus-interpolation-1.21.pom
2025-05-08 10:09:36,674 [Worker-8: Enabling Maven Dependency Management] INFO  o.e.m.c.i.e.AbstractTransferListenerAdapter - Downloaded https://repo.maven.apache.org/maven2/org/codehaus/plexus/plexus-interpolation/1.21/plexus-interpolation-1.21.pom
2025-05-08 10:09:36,706 [Worker-8: Enabling Maven Dependency Management] INFO  o.e.m.c.i.e.AbstractTransferListenerAdapter - Downloading https://repo.maven.apache.org/maven2/org/apache/maven/maven-archiver/3.2.0/maven-archiver-3.2.0.jar
2025-05-08 10:09:36,820 [Worker-8: Enabling Maven Dependency Management] INFO  o.e.m.c.i.e.AbstractTransferListenerAdapter - Downloaded https://repo.maven.apache.org/maven2/org/apache/maven/maven-archiver/3.2.0/maven-archiver-3.2.0.jar
2025-05-08 10:09:36,825 [Worker-8: Enabling Maven Dependency Management] INFO  o.e.m.c.i.e.AbstractTransferListenerAdapter - Downloading https://repo.maven.apache.org/maven2/org/apache/maven/shared/maven-shared-utils/3.2.0/maven-shared-utils-3.2.0.jar
2025-05-08 10:09:36,877 [Worker-8: Enabling Maven Dependency Management] INFO  o.e.m.c.i.e.AbstractTransferListenerAdapter - Downloaded https://repo.maven.apache.org/maven2/org/apache/maven/shared/maven-shared-utils/3.2.0/maven-shared-utils-3.2.0.jar
2025-05-08 10:09:36,881 [Worker-8: Enabling Maven Dependency Management] INFO  o.e.m.c.i.e.AbstractTransferListenerAdapter - Downloading https://repo.maven.apache.org/maven2/org/codehaus/plexus/plexus-archiver/3.6.0/plexus-archiver-3.6.0.jar
2025-05-08 10:09:36,934 [Worker-8: Enabling Maven Dependency Management] INFO  o.e.m.c.i.e.AbstractTransferListenerAdapter - Downloaded https://repo.maven.apache.org/maven2/org/codehaus/plexus/plexus-archiver/3.6.0/plexus-archiver-3.6.0.jar
2025-05-08 10:09:36,939 [Worker-8: Enabling Maven Dependency Management] INFO  o.e.m.c.i.e.AbstractTransferListenerAdapter - Downloading https://repo.maven.apache.org/maven2/org/codehaus/plexus/plexus-io/3.0.1/plexus-io-3.0.1.jar
2025-05-08 10:09:36,976 [Worker-8: Enabling Maven Dependency Management] INFO  o.e.m.c.i.e.AbstractTransferListenerAdapter - Downloaded https://repo.maven.apache.org/maven2/org/codehaus/plexus/plexus-io/3.0.1/plexus-io-3.0.1.jar
2025-05-08 10:09:36,983 [Worker-8: Enabling Maven Dependency Management] INFO  o.e.m.c.i.e.AbstractTransferListenerAdapter - Downloading https://repo.maven.apache.org/maven2/org/apache/commons/commons-compress/1.16.1/commons-compress-1.16.1.jar
2025-05-08 10:09:37,084 [Worker-8: Enabling Maven Dependency Management] INFO  o.e.m.c.i.e.AbstractTransferListenerAdapter - Downloaded https://repo.maven.apache.org/maven2/org/apache/commons/commons-compress/1.16.1/commons-compress-1.16.1.jar
2025-05-08 10:09:37,094 [Worker-8: Enabling Maven Dependency Management] INFO  o.e.m.c.i.e.AbstractTransferListenerAdapter - Downloading https://repo.maven.apache.org/maven2/org/objenesis/objenesis/2.6/objenesis-2.6.jar
2025-05-08 10:09:37,131 [Worker-8: Enabling Maven Dependency Management] INFO  o.e.m.c.i.e.AbstractTransferListenerAdapter - Downloaded https://repo.maven.apache.org/maven2/org/objenesis/objenesis/2.6/objenesis-2.6.jar
2025-05-08 10:09:37,135 [Worker-8: Enabling Maven Dependency Management] INFO  o.e.m.c.i.e.AbstractTransferListenerAdapter - Downloading https://repo.maven.apache.org/maven2/org/iq80/snappy/snappy/0.4/snappy-0.4.jar
2025-05-08 10:09:37,167 [Worker-8: Enabling Maven Dependency Management] INFO  o.e.m.c.i.e.AbstractTransferListenerAdapter - Downloaded https://repo.maven.apache.org/maven2/org/iq80/snappy/snappy/0.4/snappy-0.4.jar
2025-05-08 10:09:37,171 [Worker-8: Enabling Maven Dependency Management] INFO  o.e.m.c.i.e.AbstractTransferListenerAdapter - Downloading https://repo.maven.apache.org/maven2/org/tukaani/xz/1.8/xz-1.8.jar
2025-05-08 10:09:37,214 [Worker-8: Enabling Maven Dependency Management] INFO  o.e.m.c.i.e.AbstractTransferListenerAdapter - Downloaded https://repo.maven.apache.org/maven2/org/tukaani/xz/1.8/xz-1.8.jar
2025-05-08 10:09:37,219 [Worker-8: Enabling Maven Dependency Management] INFO  o.e.m.c.i.e.AbstractTransferListenerAdapter - Downloading https://repo.maven.apache.org/maven2/org/codehaus/plexus/plexus-interpolation/1.24/plexus-interpolation-1.24.jar
2025-05-08 10:09:37,255 [Worker-8: Enabling Maven Dependency Management] INFO  o.e.m.c.i.e.AbstractTransferListenerAdapter - Downloaded https://repo.maven.apache.org/maven2/org/codehaus/plexus/plexus-interpolation/1.24/plexus-interpolation-1.24.jar
2025-05-08 10:09:37,260 [Worker-8: Enabling Maven Dependency Management] INFO  o.e.m.c.i.e.AbstractTransferListenerAdapter - Downloading https://repo.maven.apache.org/maven2/com/thoughtworks/xstream/xstream/1.4.10/xstream-1.4.10.jar
2025-05-08 10:09:37,391 [Worker-8: Enabling Maven Dependency Management] INFO  o.e.m.c.i.e.AbstractTransferListenerAdapter - Downloaded https://repo.maven.apache.org/maven2/com/thoughtworks/xstream/xstream/1.4.10/xstream-1.4.10.jar
2025-05-08 10:09:37,398 [Worker-8: Enabling Maven Dependency Management] INFO  o.e.m.c.i.e.AbstractTransferListenerAdapter - Downloading https://repo.maven.apache.org/maven2/xmlpull/xmlpull/1.1.3.1/xmlpull-1.1.3.1.jar
2025-05-08 10:09:37,467 [Worker-8: Enabling Maven Dependency Management] INFO  o.e.m.c.i.e.AbstractTransferListenerAdapter - Downloaded https://repo.maven.apache.org/maven2/xmlpull/xmlpull/1.1.3.1/xmlpull-1.1.3.1.jar
2025-05-08 10:09:37,470 [Worker-8: Enabling Maven Dependency Management] INFO  o.e.m.c.i.e.AbstractTransferListenerAdapter - Downloading https://repo.maven.apache.org/maven2/xpp3/xpp3_min/1.1.4c/xpp3_min-1.1.4c.jar
2025-05-08 10:09:37,490 [Worker-8: Enabling Maven Dependency Management] INFO  o.e.m.c.i.e.AbstractTransferListenerAdapter - Downloaded https://repo.maven.apache.org/maven2/xpp3/xpp3_min/1.1.4c/xpp3_min-1.1.4c.jar
2025-05-08 10:09:37,494 [Worker-8: Enabling Maven Dependency Management] INFO  o.e.m.c.i.e.AbstractTransferListenerAdapter - Downloading https://repo.maven.apache.org/maven2/org/codehaus/plexus/plexus-utils/3.1.0/plexus-utils-3.1.0.jar
2025-05-08 10:09:37,554 [Worker-8: Enabling Maven Dependency Management] INFO  o.e.m.c.i.e.AbstractTransferListenerAdapter - Downloaded https://repo.maven.apache.org/maven2/org/codehaus/plexus/plexus-utils/3.1.0/plexus-utils-3.1.0.jar
2025-05-08 10:09:37,560 [Worker-8: Enabling Maven Dependency Management] INFO  o.e.m.c.i.e.AbstractTransferListenerAdapter - Downloading https://repo.maven.apache.org/maven2/org/apache/maven/shared/maven-filtering/3.1.1/maven-filtering-3.1.1.jar
2025-05-08 10:09:37,596 [Worker-8: Enabling Maven Dependency Management] INFO  o.e.m.c.i.e.AbstractTransferListenerAdapter - Downloaded https://repo.maven.apache.org/maven2/org/apache/maven/shared/maven-filtering/3.1.1/maven-filtering-3.1.1.jar
2025-05-08 10:09:37,601 [Worker-8: Enabling Maven Dependency Management] INFO  o.e.m.c.i.e.AbstractTransferListenerAdapter - Downloading https://repo.maven.apache.org/maven2/org/sonatype/plexus/plexus-build-api/0.0.7/plexus-build-api-0.0.7.jar
2025-05-08 10:09:37,671 [Worker-8: Enabling Maven Dependency Management] INFO  o.e.m.c.i.e.AbstractTransferListenerAdapter - Downloaded https://repo.maven.apache.org/maven2/org/sonatype/plexus/plexus-build-api/0.0.7/plexus-build-api-0.0.7.jar
2025-05-08 10:09:37,675 [Worker-8: Enabling Maven Dependency Management] INFO  o.e.m.c.i.e.AbstractTransferListenerAdapter - Downloading https://repo.maven.apache.org/maven2/org/apache/maven/shared/maven-mapping/3.0.0/maven-mapping-3.0.0.jar
2025-05-08 10:09:37,754 [Worker-8: Enabling Maven Dependency Management] INFO  o.e.m.c.i.e.AbstractTransferListenerAdapter - Downloaded https://repo.maven.apache.org/maven2/org/apache/maven/shared/maven-mapping/3.0.0/maven-mapping-3.0.0.jar
2025-05-08 10:09:41,376 [Worker-11: Building workspace] WARN  o.e.m.c.i.embedder.EclipseLogger - Using platform encoding (MS949 actually) to copy filtered resources, i.e. build is platform dependent!
2025-05-08 10:09:41,378 [Worker-11: Building workspace] INFO  o.e.m.c.i.embedder.EclipseLogger - skip non existing resourceDirectory D:\MSAFullstackJava\webWorkspace\web20\src\main\resources
2025-05-08 10:09:41,379 [Worker-11: Building workspace] WARN  o.e.m.c.i.embedder.EclipseLogger - Using platform encoding (MS949 actually) to copy filtered resources, i.e. build is platform dependent!
2025-05-08 10:09:41,400 [Worker-11: Building workspace] INFO  o.e.m.c.i.embedder.EclipseLogger - skip non existing resourceDirectory D:\MSAFullstackJava\webWorkspace\web20\src\test\resources
2025-05-08 10:09:41,421 [Worker-8: Enabling Maven Dependency Management] INFO  o.e.m.j.i.AbstractJavaProjectConfigurator - Adding source folder /web20/src
2025-05-08 10:09:41,422 [Worker-8: Enabling Maven Dependency Management] INFO  o.e.m.j.i.AbstractJavaProjectConfigurator - Not adding source folder /web20/src/test/java because it overlaps with /web20/src
2025-05-08 10:09:41,946 [Worker-8: Enabling Maven Dependency Management] INFO  o.e.m.c.i.p.ProjectConfigurationManager - Update started
2025-05-08 10:09:42,190 [Worker-8: Enabling Maven Dependency Management] INFO  o.e.m.c.i.l.LifecycleMappingFactory - Using org.maven.ide.eclipse.wtp.WarLifecycleMapping lifecycle mapping for MavenProject: com.myweb:web20:0.0.1-SNAPSHOT @ D:\MSAFullstackJava\webWorkspace\web20\pom.xml.
2025-05-08 10:09:42,636 [Worker-8: Enabling Maven Dependency Management] INFO  o.e.m.j.i.AbstractJavaProjectConfigurator - Adding source folder /web20/src
2025-05-08 10:09:42,636 [Worker-8: Enabling Maven Dependency Management] INFO  o.e.m.j.i.AbstractJavaProjectConfigurator - Not adding source folder /web20/src/test/java because it overlaps with /web20/src
2025-05-08 10:09:42,747 [Worker-8: Enabling Maven Dependency Management] INFO  o.e.m.w.i.f.ResourceFilteringBuildParticipant - Cleaning filtered folder for web20
2025-05-08 10:09:42,773 [Worker-8: Enabling Maven Dependency Management] INFO  o.e.m.c.i.p.ProjectConfigurationManager - Update completed: 0 sec
2025-05-08 10:09:42,900 [Worker-17: Building workspace] WARN  o.e.m.c.i.embedder.EclipseLogger - Using platform encoding (MS949 actually) to copy filtered resources, i.e. build is platform dependent!
2025-05-08 10:09:42,901 [Worker-17: Building workspace] INFO  o.e.m.c.i.embedder.EclipseLogger - skip non existing resourceDirectory D:\MSAFullstackJava\webWorkspace\web20\src\main\resources
2025-05-08 10:09:42,903 [Worker-17: Building workspace] WARN  o.e.m.c.i.embedder.EclipseLogger - Using platform encoding (MS949 actually) to copy filtered resources, i.e. build is platform dependent!
2025-05-08 10:09:42,904 [Worker-17: Building workspace] INFO  o.e.m.c.i.embedder.EclipseLogger - skip non existing resourceDirectory D:\MSAFullstackJava\webWorkspace\web20\src\test\resources
2025-05-08 10:09:42,905 [Worker-17: Building workspace] INFO  o.e.m.w.i.f.ResourceFilteringBuildParticipant - Changed resources require a complete clean of filtered resources of web20
2025-05-08 10:09:42,905 [Worker-17: Building workspace] INFO  o.e.m.w.i.f.ResourceFilteringBuildParticipant - Executing resource filtering for web20
2025-05-08 10:09:42,908 [Worker-17: Building workspace] WARN  o.e.m.c.i.embedder.EclipseLogger - The POM for org.apache.maven.plugins:maven-clean-plugin:jar:2.5 is missing, no dependency information available
2025-05-08 10:09:42,913 [Worker-17: Building workspace] WARN  o.e.m.c.i.embedder.EclipseLogger - Using platform encoding (MS949 actually) to copy filtered resources, i.e. build is platform dependent!
2025-05-08 10:11:10,750 [Worker-11: Building workspace] INFO  o.e.m.c.i.l.LifecycleMappingFactory - Using org.maven.ide.eclipse.wtp.WarLifecycleMapping lifecycle mapping for MavenProject: com.myweb:web20:0.0.1-SNAPSHOT @ D:\MSAFullstackJava\webWorkspace\web20\pom.xml.
2025-05-08 10:11:11,184 [Worker-11: Building workspace] WARN  o.e.m.c.i.embedder.EclipseLogger - Using platform encoding (MS949 actually) to copy filtered resources, i.e. build is platform dependent!
2025-05-08 10:11:11,185 [Worker-11: Building workspace] INFO  o.e.m.c.i.embedder.EclipseLogger - skip non existing resourceDirectory D:\MSAFullstackJava\webWorkspace\web20\src\main\resources
2025-05-08 10:11:11,186 [Worker-11: Building workspace] WARN  o.e.m.c.i.embedder.EclipseLogger - Using platform encoding (MS949 actually) to copy filtered resources, i.e. build is platform dependent!
2025-05-08 10:11:11,193 [Worker-11: Building workspace] INFO  o.e.m.c.i.embedder.EclipseLogger - skip non existing resourceDirectory D:\MSAFullstackJava\webWorkspace\web20\src\test\resources
2025-05-08 10:11:11,194 [Worker-11: Building workspace] INFO  o.e.m.w.i.f.ResourceFilteringBuildParticipant - Changed resources require a complete clean of filtered resources of web20
2025-05-08 10:11:11,194 [Worker-11: Building workspace] INFO  o.e.m.w.i.f.ResourceFilteringBuildParticipant - Executing resource filtering for web20
2025-05-08 10:11:11,197 [Worker-11: Building workspace] WARN  o.e.m.c.i.embedder.EclipseLogger - Using platform encoding (MS949 actually) to copy filtered resources, i.e. build is platform dependent!
2025-05-08 10:11:40,353 [Worker-17: Building workspace] INFO  o.e.m.c.i.l.LifecycleMappingFactory - Using org.maven.ide.eclipse.wtp.WarLifecycleMapping lifecycle mapping for MavenProject: com.myweb:web20:0.0.1-SNAPSHOT @ D:\MSAFullstackJava\webWorkspace\web20\pom.xml.
2025-05-08 10:11:40,726 [Worker-17: Building workspace] WARN  o.e.m.c.i.embedder.EclipseLogger - Using platform encoding (MS949 actually) to copy filtered resources, i.e. build is platform dependent!
2025-05-08 10:11:40,727 [Worker-17: Building workspace] INFO  o.e.m.c.i.embedder.EclipseLogger - skip non existing resourceDirectory D:\MSAFullstackJava\webWorkspace\web20\src\main\resources
2025-05-08 10:11:40,728 [Worker-17: Building workspace] WARN  o.e.m.c.i.embedder.EclipseLogger - Using platform encoding (MS949 actually) to copy filtered resources, i.e. build is platform dependent!
2025-05-08 10:11:40,729 [Worker-17: Building workspace] INFO  o.e.m.c.i.embedder.EclipseLogger - skip non existing resourceDirectory D:\MSAFullstackJava\webWorkspace\web20\src\test\resources
2025-05-08 10:11:40,730 [Worker-17: Building workspace] INFO  o.e.m.w.i.f.ResourceFilteringBuildParticipant - Changed resources require a complete clean of filtered resources of web20
2025-05-08 10:11:40,730 [Worker-17: Building workspace] INFO  o.e.m.w.i.f.ResourceFilteringBuildParticipant - Executing resource filtering for web20
2025-05-08 10:11:40,732 [Worker-17: Building workspace] WARN  o.e.m.c.i.embedder.EclipseLogger - Using platform encoding (MS949 actually) to copy filtered resources, i.e. build is platform dependent!
2025-05-08 10:13:01,539 [Worker-6: reload maven project] INFO  o.e.m.c.i.e.AbstractTransferListenerAdapter - Downloading https://repo.maven.apache.org/maven2/com/mysql/mysql-connector-j/8.4.0/mysql-connector-j-8.4.0.pom
2025-05-08 10:13:01,570 [Worker-6: reload maven project] INFO  o.e.m.c.i.e.AbstractTransferListenerAdapter - Downloaded https://repo.maven.apache.org/maven2/com/mysql/mysql-connector-j/8.4.0/mysql-connector-j-8.4.0.pom
2025-05-08 10:13:01,579 [Worker-6: reload maven project] INFO  o.e.m.c.i.e.AbstractTransferListenerAdapter - Downloading https://repo.maven.apache.org/maven2/com/google/protobuf/protobuf-java/3.25.1/protobuf-java-3.25.1.pom
2025-05-08 10:13:01,616 [Worker-6: reload maven project] INFO  o.e.m.c.i.e.AbstractTransferListenerAdapter - Downloaded https://repo.maven.apache.org/maven2/com/google/protobuf/protobuf-java/3.25.1/protobuf-java-3.25.1.pom
2025-05-08 10:13:01,626 [Worker-6: reload maven project] INFO  o.e.m.c.i.e.AbstractTransferListenerAdapter - Downloading https://repo.maven.apache.org/maven2/com/google/protobuf/protobuf-parent/3.25.1/protobuf-parent-3.25.1.pom
2025-05-08 10:13:01,663 [Worker-6: reload maven project] INFO  o.e.m.c.i.e.AbstractTransferListenerAdapter - Downloaded https://repo.maven.apache.org/maven2/com/google/protobuf/protobuf-parent/3.25.1/protobuf-parent-3.25.1.pom
2025-05-08 10:13:01,676 [Worker-6: reload maven project] INFO  o.e.m.c.i.e.AbstractTransferListenerAdapter - Downloading https://repo.maven.apache.org/maven2/com/google/protobuf/protobuf-bom/3.25.1/protobuf-bom-3.25.1.pom
2025-05-08 10:13:01,715 [Worker-6: reload maven project] INFO  o.e.m.c.i.e.AbstractTransferListenerAdapter - Downloaded https://repo.maven.apache.org/maven2/com/google/protobuf/protobuf-bom/3.25.1/protobuf-bom-3.25.1.pom
2025-05-08 10:13:01,727 [Worker-6: reload maven project] INFO  o.e.m.c.i.e.AbstractTransferListenerAdapter - Downloading https://repo.maven.apache.org/maven2/com/mysql/mysql-connector-j/8.4.0/mysql-connector-j-8.4.0.jar
2025-05-08 10:13:01,924 [Worker-15: Building workspace] INFO  o.e.m.c.i.l.LifecycleMappingFactory - Using org.maven.ide.eclipse.wtp.WarLifecycleMapping lifecycle mapping for MavenProject: com.myweb:web20:0.0.1-SNAPSHOT @ D:\MSAFullstackJava\webWorkspace\web20\pom.xml.
2025-05-08 10:13:01,992 [Worker-15: Building workspace] INFO  o.e.m.c.i.e.AbstractTransferListenerAdapter - Downloading https://repo.maven.apache.org/maven2/com/mysql/mysql-connector-j/8.4.0/mysql-connector-j-8.4.0.jar
2025-05-08 10:13:02,145 [Worker-6: reload maven project] INFO  o.e.m.c.i.e.AbstractTransferListenerAdapter - Downloaded https://repo.maven.apache.org/maven2/com/mysql/mysql-connector-j/8.4.0/mysql-connector-j-8.4.0.jar
2025-05-08 10:13:02,169 [Worker-6: reload maven project] INFO  o.e.m.c.i.e.AbstractTransferListenerAdapter - Downloading https://repo.maven.apache.org/maven2/com/google/protobuf/protobuf-java/3.25.1/protobuf-java-3.25.1.jar
2025-05-08 10:13:02,499 [Worker-15: Building workspace] INFO  o.e.m.c.i.e.AbstractTransferListenerAdapter - Downloaded https://repo.maven.apache.org/maven2/com/mysql/mysql-connector-j/8.4.0/mysql-connector-j-8.4.0.jar
2025-05-08 10:13:02,535 [Worker-15: Building workspace] INFO  o.e.m.c.i.e.AbstractTransferListenerAdapter - Downloading https://repo.maven.apache.org/maven2/com/google/protobuf/protobuf-java/3.25.1/protobuf-java-3.25.1.jar
2025-05-08 10:13:02,987 [Worker-6: reload maven project] INFO  o.e.m.c.i.e.AbstractTransferListenerAdapter - Downloaded https://repo.maven.apache.org/maven2/com/google/protobuf/protobuf-java/3.25.1/protobuf-java-3.25.1.jar
2025-05-08 10:13:04,511 [Worker-15: Building workspace] INFO  o.e.m.c.i.e.AbstractTransferListenerAdapter - Downloaded https://repo.maven.apache.org/maven2/com/google/protobuf/protobuf-java/3.25.1/protobuf-java-3.25.1.jar
2025-05-08 10:13:04,990 [Worker-15: Building workspace] WARN  o.e.m.c.i.embedder.EclipseLogger - Using platform encoding (MS949 actually) to copy filtered resources, i.e. build is platform dependent!
2025-05-08 10:13:04,991 [Worker-15: Building workspace] INFO  o.e.m.c.i.embedder.EclipseLogger - skip non existing resourceDirectory D:\MSAFullstackJava\webWorkspace\web20\src\main\resources
2025-05-08 10:13:04,992 [Worker-15: Building workspace] WARN  o.e.m.c.i.embedder.EclipseLogger - Using platform encoding (MS949 actually) to copy filtered resources, i.e. build is platform dependent!
2025-05-08 10:13:04,992 [Worker-15: Building workspace] INFO  o.e.m.c.i.embedder.EclipseLogger - skip non existing resourceDirectory D:\MSAFullstackJava\webWorkspace\web20\src\test\resources
2025-05-08 10:13:04,993 [Worker-15: Building workspace] INFO  o.e.m.w.i.f.ResourceFilteringBuildParticipant - Changed resources require a complete clean of filtered resources of web20
2025-05-08 10:13:04,993 [Worker-15: Building workspace] INFO  o.e.m.w.i.f.ResourceFilteringBuildParticipant - Executing resource filtering for web20
2025-05-08 10:13:04,995 [Worker-15: Building workspace] WARN  o.e.m.c.i.embedder.EclipseLogger - Using platform encoding (MS949 actually) to copy filtered resources, i.e. build is platform dependent!
2025-05-08 10:13:05,945 [Worker-6: Download sources and javadoc] INFO  o.e.m.c.i.e.AbstractTransferListenerAdapter - Downloading https://repo.maven.apache.org/maven2/com/mysql/mysql-connector-j/8.4.0/mysql-connector-j-8.4.0-sources.jar
2025-05-08 10:13:06,178 [Worker-6: Download sources and javadoc] INFO  o.e.m.c.i.e.AbstractTransferListenerAdapter - Downloaded https://repo.maven.apache.org/maven2/com/mysql/mysql-connector-j/8.4.0/mysql-connector-j-8.4.0-sources.jar
2025-05-08 10:13:06,287 [Worker-6: Download sources and javadoc] INFO  o.e.m.j.internal.DownloadSourcesJob - Downloaded sources for com.mysql:mysql-connector-j:8.4.0
2025-05-08 10:13:06,309 [Worker-6: Download sources and javadoc] INFO  o.e.m.c.i.e.AbstractTransferListenerAdapter - Downloading https://repo.maven.apache.org/maven2/com/google/protobuf/protobuf-java/3.25.1/protobuf-java-3.25.1-sources.jar
2025-05-08 10:13:06,407 [Worker-6: Download sources and javadoc] INFO  o.e.m.c.i.e.AbstractTransferListenerAdapter - Downloaded https://repo.maven.apache.org/maven2/com/google/protobuf/protobuf-java/3.25.1/protobuf-java-3.25.1-sources.jar
2025-05-08 10:13:06,469 [Worker-6: Download sources and javadoc] INFO  o.e.m.j.internal.DownloadSourcesJob - Downloaded sources for com.google.protobuf:protobuf-java:3.25.1
2025-05-08 10:13:07,246 [Worker-8: Building workspace] WARN  o.e.m.c.i.embedder.EclipseLogger - Using platform encoding (MS949 actually) to copy filtered resources, i.e. build is platform dependent!
2025-05-08 10:13:07,247 [Worker-8: Building workspace] INFO  o.e.m.c.i.embedder.EclipseLogger - skip non existing resourceDirectory D:\MSAFullstackJava\webWorkspace\web20\src\main\resources
2025-05-08 10:13:07,248 [Worker-8: Building workspace] WARN  o.e.m.c.i.embedder.EclipseLogger - Using platform encoding (MS949 actually) to copy filtered resources, i.e. build is platform dependent!
2025-05-08 10:13:07,248 [Worker-8: Building workspace] INFO  o.e.m.c.i.embedder.EclipseLogger - skip non existing resourceDirectory D:\MSAFullstackJava\webWorkspace\web20\src\test\resources
2025-05-08 10:13:19,403 [Worker-6: Building workspace] INFO  o.e.m.c.i.l.LifecycleMappingFactory - Using org.maven.ide.eclipse.wtp.WarLifecycleMapping lifecycle mapping for MavenProject: com.myweb:web20:0.0.1-SNAPSHOT @ D:\MSAFullstackJava\webWorkspace\web20\pom.xml.
2025-05-08 10:13:19,758 [Worker-6: Building workspace] WARN  o.e.m.c.i.embedder.EclipseLogger - Using platform encoding (MS949 actually) to copy filtered resources, i.e. build is platform dependent!
2025-05-08 10:13:19,758 [Worker-6: Building workspace] INFO  o.e.m.c.i.embedder.EclipseLogger - skip non existing resourceDirectory D:\MSAFullstackJava\webWorkspace\web20\src\main\resources
2025-05-08 10:13:19,760 [Worker-6: Building workspace] WARN  o.e.m.c.i.embedder.EclipseLogger - Using platform encoding (MS949 actually) to copy filtered resources, i.e. build is platform dependent!
2025-05-08 10:13:19,760 [Worker-6: Building workspace] INFO  o.e.m.c.i.embedder.EclipseLogger - skip non existing resourceDirectory D:\MSAFullstackJava\webWorkspace\web20\src\test\resources
2025-05-08 10:13:19,761 [Worker-6: Building workspace] INFO  o.e.m.w.i.f.ResourceFilteringBuildParticipant - Changed resources require a complete clean of filtered resources of web20
2025-05-08 10:13:19,761 [Worker-6: Building workspace] INFO  o.e.m.w.i.f.ResourceFilteringBuildParticipant - Executing resource filtering for web20
2025-05-08 10:13:19,763 [Worker-6: Building workspace] WARN  o.e.m.c.i.embedder.EclipseLogger - Using platform encoding (MS949 actually) to copy filtered resources, i.e. build is platform dependent!
2025-05-08 10:14:03,569 [Worker-6: Building workspace] WARN  o.e.m.c.i.embedder.EclipseLogger - Using platform encoding (MS949 actually) to copy filtered resources, i.e. build is platform dependent!
2025-05-08 10:14:03,570 [Worker-6: Building workspace] INFO  o.e.m.c.i.embedder.EclipseLogger - skip non existing resourceDirectory D:\MSAFullstackJava\webWorkspace\web20\src\main\resources
2025-05-08 10:14:03,571 [Worker-6: Building workspace] WARN  o.e.m.c.i.embedder.EclipseLogger - Using platform encoding (MS949 actually) to copy filtered resources, i.e. build is platform dependent!
2025-05-08 10:14:03,572 [Worker-6: Building workspace] INFO  o.e.m.c.i.embedder.EclipseLogger - skip non existing resourceDirectory D:\MSAFullstackJava\webWorkspace\web20\src\test\resources
2025-05-08 10:14:36,149 [Worker-6: Building workspace] WARN  o.e.m.c.i.embedder.EclipseLogger - Using platform encoding (MS949 actually) to copy filtered resources, i.e. build is platform dependent!
2025-05-08 10:14:36,150 [Worker-6: Building workspace] INFO  o.e.m.c.i.embedder.EclipseLogger - skip non existing resourceDirectory D:\MSAFullstackJava\webWorkspace\web20\src\main\resources
2025-05-08 10:14:36,151 [Worker-6: Building workspace] WARN  o.e.m.c.i.embedder.EclipseLogger - Using platform encoding (MS949 actually) to copy filtered resources, i.e. build is platform dependent!
2025-05-08 10:14:36,152 [Worker-6: Building workspace] INFO  o.e.m.c.i.embedder.EclipseLogger - skip non existing resourceDirectory D:\MSAFullstackJava\webWorkspace\web20\src\test\resources
2025-05-08 10:18:05,796 [Worker-15: Building workspace] INFO  o.e.m.c.i.l.LifecycleMappingFactory - Using org.maven.ide.eclipse.wtp.WarLifecycleMapping lifecycle mapping for MavenProject: com.myweb:web20:0.0.1-SNAPSHOT @ D:\MSAFullstackJava\webWorkspace\web20\pom.xml.
2025-05-08 10:18:05,849 [Worker-15: Building workspace] INFO  o.e.m.c.i.e.AbstractTransferListenerAdapter - Downloading https://repo.maven.apache.org/maven2/javax/servlet/jstl/1.2/jstl-1.2.pom
2025-05-08 10:18:05,875 [Worker-15: Building workspace] INFO  o.e.m.c.i.e.AbstractTransferListenerAdapter - Downloaded https://repo.maven.apache.org/maven2/javax/servlet/jstl/1.2/jstl-1.2.pom
2025-05-08 10:18:05,914 [Worker-15: Building workspace] INFO  o.e.m.c.i.e.AbstractTransferListenerAdapter - Downloading https://repo.maven.apache.org/maven2/javax/servlet/jstl/1.2/jstl-1.2.jar
2025-05-08 10:18:06,010 [Worker-15: Building workspace] INFO  o.e.m.c.i.e.AbstractTransferListenerAdapter - Downloaded https://repo.maven.apache.org/maven2/javax/servlet/jstl/1.2/jstl-1.2.jar
2025-05-08 10:18:06,598 [Worker-15: Building workspace] WARN  o.e.m.c.i.embedder.EclipseLogger - Using platform encoding (MS949 actually) to copy filtered resources, i.e. build is platform dependent!
2025-05-08 10:18:06,599 [Worker-15: Building workspace] INFO  o.e.m.c.i.embedder.EclipseLogger - skip non existing resourceDirectory D:\MSAFullstackJava\webWorkspace\web20\src\main\resources
2025-05-08 10:18:06,600 [Worker-15: Building workspace] WARN  o.e.m.c.i.embedder.EclipseLogger - Using platform encoding (MS949 actually) to copy filtered resources, i.e. build is platform dependent!
2025-05-08 10:18:06,604 [Worker-15: Building workspace] INFO  o.e.m.c.i.embedder.EclipseLogger - skip non existing resourceDirectory D:\MSAFullstackJava\webWorkspace\web20\src\test\resources
2025-05-08 10:18:06,604 [Worker-15: Building workspace] INFO  o.e.m.w.i.f.ResourceFilteringBuildParticipant - Changed resources require a complete clean of filtered resources of web20
2025-05-08 10:18:06,604 [Worker-15: Building workspace] INFO  o.e.m.w.i.f.ResourceFilteringBuildParticipant - Executing resource filtering for web20
2025-05-08 10:18:06,607 [Worker-15: Building workspace] WARN  o.e.m.c.i.embedder.EclipseLogger - Using platform encoding (MS949 actually) to copy filtered resources, i.e. build is platform dependent!
2025-05-08 10:18:07,556 [Worker-21: Download sources and javadoc] INFO  o.e.m.c.i.e.AbstractTransferListenerAdapter - Downloading https://repo.maven.apache.org/maven2/javax/servlet/jstl/1.2/jstl-1.2-sources.jar
2025-05-08 10:18:07,666 [Worker-21: Download sources and javadoc] INFO  o.e.m.c.i.e.AbstractTransferListenerAdapter - Downloaded https://repo.maven.apache.org/maven2/javax/servlet/jstl/1.2/jstl-1.2-sources.jar
2025-05-08 10:18:07,751 [Worker-21: Download sources and javadoc] INFO  o.e.m.j.internal.DownloadSourcesJob - Downloaded sources for javax.servlet:jstl:1.2
2025-05-08 10:18:07,902 [Worker-15: Building workspace] WARN  o.e.m.c.i.embedder.EclipseLogger - Using platform encoding (MS949 actually) to copy filtered resources, i.e. build is platform dependent!
2025-05-08 10:18:07,902 [Worker-15: Building workspace] INFO  o.e.m.c.i.embedder.EclipseLogger - skip non existing resourceDirectory D:\MSAFullstackJava\webWorkspace\web20\src\main\resources
2025-05-08 10:18:07,904 [Worker-15: Building workspace] WARN  o.e.m.c.i.embedder.EclipseLogger - Using platform encoding (MS949 actually) to copy filtered resources, i.e. build is platform dependent!
2025-05-08 10:18:07,904 [Worker-15: Building workspace] INFO  o.e.m.c.i.embedder.EclipseLogger - skip non existing resourceDirectory D:\MSAFullstackJava\webWorkspace\web20\src\test\resources
2025-05-08 10:18:08,926 [Worker-15: Building workspace] WARN  o.e.m.c.i.embedder.EclipseLogger - Using platform encoding (MS949 actually) to copy filtered resources, i.e. build is platform dependent!
2025-05-08 10:18:08,927 [Worker-15: Building workspace] INFO  o.e.m.c.i.embedder.EclipseLogger - skip non existing resourceDirectory D:\MSAFullstackJava\webWorkspace\web20\src\main\resources
2025-05-08 10:18:08,928 [Worker-15: Building workspace] WARN  o.e.m.c.i.embedder.EclipseLogger - Using platform encoding (MS949 actually) to copy filtered resources, i.e. build is platform dependent!
2025-05-08 10:18:08,928 [Worker-15: Building workspace] INFO  o.e.m.c.i.embedder.EclipseLogger - skip non existing resourceDirectory D:\MSAFullstackJava\webWorkspace\web20\src\test\resources
2025-05-08 10:19:18,093 [Worker-15: Building workspace] INFO  o.e.m.c.i.l.LifecycleMappingFactory - Using org.maven.ide.eclipse.wtp.WarLifecycleMapping lifecycle mapping for MavenProject: com.myweb:web20:0.0.1-SNAPSHOT @ D:\MSAFullstackJava\webWorkspace\web20\pom.xml.
2025-05-08 10:19:18,119 [Worker-15: Building workspace] INFO  o.e.m.c.i.e.AbstractTransferListenerAdapter - Downloading https://repo.maven.apache.org/maven2/taglibs/standard/1.1.2/standard-1.1.2.pom
2025-05-08 10:19:18,155 [Worker-15: Building workspace] INFO  o.e.m.c.i.e.AbstractTransferListenerAdapter - Downloaded https://repo.maven.apache.org/maven2/taglibs/standard/1.1.2/standard-1.1.2.pom
2025-05-08 10:19:18,166 [Worker-15: Building workspace] INFO  o.e.m.c.i.e.AbstractTransferListenerAdapter - Downloading https://repo.maven.apache.org/maven2/taglibs/standard/1.1.2/standard-1.1.2.jar
2025-05-08 10:19:18,220 [Worker-15: Building workspace] INFO  o.e.m.c.i.e.AbstractTransferListenerAdapter - Downloaded https://repo.maven.apache.org/maven2/taglibs/standard/1.1.2/standard-1.1.2.jar
2025-05-08 10:19:18,824 [Worker-15: Building workspace] WARN  o.e.m.c.i.embedder.EclipseLogger - Using platform encoding (MS949 actually) to copy filtered resources, i.e. build is platform dependent!
2025-05-08 10:19:18,824 [Worker-15: Building workspace] INFO  o.e.m.c.i.embedder.EclipseLogger - skip non existing resourceDirectory D:\MSAFullstackJava\webWorkspace\web20\src\main\resources
2025-05-08 10:19:18,825 [Worker-15: Building workspace] WARN  o.e.m.c.i.embedder.EclipseLogger - Using platform encoding (MS949 actually) to copy filtered resources, i.e. build is platform dependent!
2025-05-08 10:19:18,826 [Worker-15: Building workspace] INFO  o.e.m.c.i.embedder.EclipseLogger - skip non existing resourceDirectory D:\MSAFullstackJava\webWorkspace\web20\src\test\resources
2025-05-08 10:19:18,826 [Worker-15: Building workspace] INFO  o.e.m.w.i.f.ResourceFilteringBuildParticipant - Changed resources require a complete clean of filtered resources of web20
2025-05-08 10:19:18,826 [Worker-15: Building workspace] INFO  o.e.m.w.i.f.ResourceFilteringBuildParticipant - Executing resource filtering for web20
2025-05-08 10:19:18,829 [Worker-15: Building workspace] WARN  o.e.m.c.i.embedder.EclipseLogger - Using platform encoding (MS949 actually) to copy filtered resources, i.e. build is platform dependent!
2025-05-08 10:19:19,824 [Worker-12: Download sources and javadoc] INFO  o.e.m.c.i.e.AbstractTransferListenerAdapter - Downloading https://repo.maven.apache.org/maven2/taglibs/standard/1.1.2/standard-1.1.2-sources.jar
2025-05-08 10:19:20,028 [Worker-12: Download sources and javadoc] INFO  o.e.m.c.i.e.AbstractTransferListenerAdapter - Downloaded https://repo.maven.apache.org/maven2/taglibs/standard/1.1.2/standard-1.1.2-sources.jar
2025-05-08 10:19:20,037 [Worker-6: Building workspace] WARN  o.e.m.c.i.embedder.EclipseLogger - Using platform encoding (MS949 actually) to copy filtered resources, i.e. build is platform dependent!
2025-05-08 10:19:20,038 [Worker-6: Building workspace] INFO  o.e.m.c.i.embedder.EclipseLogger - skip non existing resourceDirectory D:\MSAFullstackJava\webWorkspace\web20\src\main\resources
2025-05-08 10:19:20,039 [Worker-6: Building workspace] WARN  o.e.m.c.i.embedder.EclipseLogger - Using platform encoding (MS949 actually) to copy filtered resources, i.e. build is platform dependent!
2025-05-08 10:19:20,040 [Worker-6: Building workspace] INFO  o.e.m.c.i.embedder.EclipseLogger - skip non existing resourceDirectory D:\MSAFullstackJava\webWorkspace\web20\src\test\resources
2025-05-08 10:19:20,121 [Worker-12: Download sources and javadoc] INFO  o.e.m.j.internal.DownloadSourcesJob - Downloaded sources for taglibs:standard:1.1.2
2025-05-08 10:19:21,059 [Worker-15: Building workspace] WARN  o.e.m.c.i.embedder.EclipseLogger - Using platform encoding (MS949 actually) to copy filtered resources, i.e. build is platform dependent!
2025-05-08 10:19:21,059 [Worker-15: Building workspace] INFO  o.e.m.c.i.embedder.EclipseLogger - skip non existing resourceDirectory D:\MSAFullstackJava\webWorkspace\web20\src\main\resources
2025-05-08 10:19:21,060 [Worker-15: Building workspace] WARN  o.e.m.c.i.embedder.EclipseLogger - Using platform encoding (MS949 actually) to copy filtered resources, i.e. build is platform dependent!
2025-05-08 10:19:21,061 [Worker-15: Building workspace] INFO  o.e.m.c.i.embedder.EclipseLogger - skip non existing resourceDirectory D:\MSAFullstackJava\webWorkspace\web20\src\test\resources
2025-05-08 10:23:35,711 [Worker-22: Building workspace] WARN  o.e.m.c.i.embedder.EclipseLogger - Using platform encoding (MS949 actually) to copy filtered resources, i.e. build is platform dependent!
2025-05-08 10:23:35,712 [Worker-22: Building workspace] INFO  o.e.m.c.i.embedder.EclipseLogger - skip non existing resourceDirectory D:\MSAFullstackJava\webWorkspace\web20\src\main\resources
2025-05-08 10:23:35,713 [Worker-22: Building workspace] WARN  o.e.m.c.i.embedder.EclipseLogger - Using platform encoding (MS949 actually) to copy filtered resources, i.e. build is platform dependent!
2025-05-08 10:23:35,723 [Worker-22: Building workspace] INFO  o.e.m.c.i.embedder.EclipseLogger - skip non existing resourceDirectory D:\MSAFullstackJava\webWorkspace\web20\src\test\resources
2025-05-08 10:23:51,137 [Worker-6: Building workspace] WARN  o.e.m.c.i.embedder.EclipseLogger - Using platform encoding (MS949 actually) to copy filtered resources, i.e. build is platform dependent!
2025-05-08 10:23:51,138 [Worker-6: Building workspace] INFO  o.e.m.c.i.embedder.EclipseLogger - skip non existing resourceDirectory D:\MSAFullstackJava\webWorkspace\web20\src\main\resources
2025-05-08 10:23:51,138 [Worker-6: Building workspace] WARN  o.e.m.c.i.embedder.EclipseLogger - Using platform encoding (MS949 actually) to copy filtered resources, i.e. build is platform dependent!
2025-05-08 10:23:51,139 [Worker-6: Building workspace] INFO  o.e.m.c.i.embedder.EclipseLogger - skip non existing resourceDirectory D:\MSAFullstackJava\webWorkspace\web20\src\test\resources
2025-05-08 10:28:00,184 [Worker-12: Building workspace] WARN  o.e.m.c.i.embedder.EclipseLogger - Using platform encoding (MS949 actually) to copy filtered resources, i.e. build is platform dependent!
2025-05-08 10:28:00,185 [Worker-12: Building workspace] INFO  o.e.m.c.i.embedder.EclipseLogger - skip non existing resourceDirectory D:\MSAFullstackJava\webWorkspace\web20\src\main\resources
2025-05-08 10:28:00,185 [Worker-12: Building workspace] WARN  o.e.m.c.i.embedder.EclipseLogger - Using platform encoding (MS949 actually) to copy filtered resources, i.e. build is platform dependent!
2025-05-08 10:28:00,186 [Worker-12: Building workspace] INFO  o.e.m.c.i.embedder.EclipseLogger - skip non existing resourceDirectory D:\MSAFullstackJava\webWorkspace\web20\src\test\resources
2025-05-08 10:29:45,063 [Worker-24: Building workspace] WARN  o.e.m.c.i.embedder.EclipseLogger - Using platform encoding (MS949 actually) to copy filtered resources, i.e. build is platform dependent!
2025-05-08 10:29:45,064 [Worker-24: Building workspace] INFO  o.e.m.c.i.embedder.EclipseLogger - skip non existing resourceDirectory D:\MSAFullstackJava\webWorkspace\web20\src\main\resources
2025-05-08 10:29:45,065 [Worker-24: Building workspace] WARN  o.e.m.c.i.embedder.EclipseLogger - Using platform encoding (MS949 actually) to copy filtered resources, i.e. build is platform dependent!
2025-05-08 10:29:45,065 [Worker-24: Building workspace] INFO  o.e.m.c.i.embedder.EclipseLogger - skip non existing resourceDirectory D:\MSAFullstackJava\webWorkspace\web20\src\test\resources
2025-05-08 10:30:30,038 [Worker-24: Building workspace] WARN  o.e.m.c.i.embedder.EclipseLogger - Using platform encoding (MS949 actually) to copy filtered resources, i.e. build is platform dependent!
2025-05-08 10:30:30,039 [Worker-24: Building workspace] INFO  o.e.m.c.i.embedder.EclipseLogger - skip non existing resourceDirectory D:\MSAFullstackJava\webWorkspace\web20\src\main\resources
2025-05-08 10:30:30,039 [Worker-24: Building workspace] WARN  o.e.m.c.i.embedder.EclipseLogger - Using platform encoding (MS949 actually) to copy filtered resources, i.e. build is platform dependent!
2025-05-08 10:30:30,040 [Worker-24: Building workspace] INFO  o.e.m.c.i.embedder.EclipseLogger - skip non existing resourceDirectory D:\MSAFullstackJava\webWorkspace\web20\src\test\resources
2025-05-08 10:31:34,378 [Worker-24: Building workspace] WARN  o.e.m.c.i.embedder.EclipseLogger - Using platform encoding (MS949 actually) to copy filtered resources, i.e. build is platform dependent!
2025-05-08 10:31:34,378 [Worker-24: Building workspace] INFO  o.e.m.c.i.embedder.EclipseLogger - skip non existing resourceDirectory D:\MSAFullstackJava\webWorkspace\web20\src\main\resources
2025-05-08 10:31:34,381 [Worker-24: Building workspace] WARN  o.e.m.c.i.embedder.EclipseLogger - Using platform encoding (MS949 actually) to copy filtered resources, i.e. build is platform dependent!
2025-05-08 10:31:34,382 [Worker-24: Building workspace] INFO  o.e.m.c.i.embedder.EclipseLogger - skip non existing resourceDirectory D:\MSAFullstackJava\webWorkspace\web20\src\test\resources
2025-05-08 10:33:41,808 [Worker-28: Building workspace] WARN  o.e.m.c.i.embedder.EclipseLogger - Using platform encoding (MS949 actually) to copy filtered resources, i.e. build is platform dependent!
2025-05-08 10:33:41,810 [Worker-28: Building workspace] INFO  o.e.m.c.i.embedder.EclipseLogger - skip non existing resourceDirectory D:\MSAFullstackJava\webWorkspace\web20\src\main\resources
2025-05-08 10:33:41,811 [Worker-28: Building workspace] WARN  o.e.m.c.i.embedder.EclipseLogger - Using platform encoding (MS949 actually) to copy filtered resources, i.e. build is platform dependent!
2025-05-08 10:33:41,811 [Worker-28: Building workspace] INFO  o.e.m.c.i.embedder.EclipseLogger - skip non existing resourceDirectory D:\MSAFullstackJava\webWorkspace\web20\src\test\resources
2025-05-08 10:34:59,864 [Worker-27: Building workspace] WARN  o.e.m.c.i.embedder.EclipseLogger - Using platform encoding (MS949 actually) to copy filtered resources, i.e. build is platform dependent!
2025-05-08 10:34:59,864 [Worker-27: Building workspace] INFO  o.e.m.c.i.embedder.EclipseLogger - skip non existing resourceDirectory D:\MSAFullstackJava\webWorkspace\web20\src\main\resources
2025-05-08 10:34:59,865 [Worker-27: Building workspace] WARN  o.e.m.c.i.embedder.EclipseLogger - Using platform encoding (MS949 actually) to copy filtered resources, i.e. build is platform dependent!
2025-05-08 10:34:59,866 [Worker-27: Building workspace] INFO  o.e.m.c.i.embedder.EclipseLogger - skip non existing resourceDirectory D:\MSAFullstackJava\webWorkspace\web20\src\test\resources
2025-05-08 10:35:15,444 [Worker-24: Building workspace] WARN  o.e.m.c.i.embedder.EclipseLogger - Using platform encoding (MS949 actually) to copy filtered resources, i.e. build is platform dependent!
2025-05-08 10:35:15,445 [Worker-24: Building workspace] INFO  o.e.m.c.i.embedder.EclipseLogger - skip non existing resourceDirectory D:\MSAFullstackJava\webWorkspace\web20\src\main\resources
2025-05-08 10:35:15,446 [Worker-24: Building workspace] WARN  o.e.m.c.i.embedder.EclipseLogger - Using platform encoding (MS949 actually) to copy filtered resources, i.e. build is platform dependent!
2025-05-08 10:35:15,446 [Worker-24: Building workspace] INFO  o.e.m.c.i.embedder.EclipseLogger - skip non existing resourceDirectory D:\MSAFullstackJava\webWorkspace\web20\src\test\resources
2025-05-08 10:35:40,094 [Worker-27: Building workspace] WARN  o.e.m.c.i.embedder.EclipseLogger - Using platform encoding (MS949 actually) to copy filtered resources, i.e. build is platform dependent!
2025-05-08 10:35:40,095 [Worker-27: Building workspace] INFO  o.e.m.c.i.embedder.EclipseLogger - skip non existing resourceDirectory D:\MSAFullstackJava\webWorkspace\web20\src\main\resources
2025-05-08 10:35:40,095 [Worker-27: Building workspace] WARN  o.e.m.c.i.embedder.EclipseLogger - Using platform encoding (MS949 actually) to copy filtered resources, i.e. build is platform dependent!
2025-05-08 10:35:40,096 [Worker-27: Building workspace] INFO  o.e.m.c.i.embedder.EclipseLogger - skip non existing resourceDirectory D:\MSAFullstackJava\webWorkspace\web20\src\test\resources
2025-05-08 10:37:33,305 [Worker-29: Building workspace] WARN  o.e.m.c.i.embedder.EclipseLogger - Using platform encoding (MS949 actually) to copy filtered resources, i.e. build is platform dependent!
2025-05-08 10:37:33,305 [Worker-29: Building workspace] INFO  o.e.m.c.i.embedder.EclipseLogger - skip non existing resourceDirectory D:\MSAFullstackJava\webWorkspace\web20\src\main\resources
2025-05-08 10:37:33,306 [Worker-29: Building workspace] WARN  o.e.m.c.i.embedder.EclipseLogger - Using platform encoding (MS949 actually) to copy filtered resources, i.e. build is platform dependent!
2025-05-08 10:37:33,306 [Worker-29: Building workspace] INFO  o.e.m.c.i.embedder.EclipseLogger - skip non existing resourceDirectory D:\MSAFullstackJava\webWorkspace\web20\src\test\resources
2025-05-08 10:37:57,428 [Worker-6: Building workspace] WARN  o.e.m.c.i.embedder.EclipseLogger - Using platform encoding (MS949 actually) to copy filtered resources, i.e. build is platform dependent!
2025-05-08 10:37:57,429 [Worker-6: Building workspace] INFO  o.e.m.c.i.embedder.EclipseLogger - skip non existing resourceDirectory D:\MSAFullstackJava\webWorkspace\web20\src\main\resources
2025-05-08 10:37:57,430 [Worker-6: Building workspace] WARN  o.e.m.c.i.embedder.EclipseLogger - Using platform encoding (MS949 actually) to copy filtered resources, i.e. build is platform dependent!
2025-05-08 10:37:57,430 [Worker-6: Building workspace] INFO  o.e.m.c.i.embedder.EclipseLogger - skip non existing resourceDirectory D:\MSAFullstackJava\webWorkspace\web20\src\test\resources
2025-05-08 10:38:49,648 [Worker-29: Building workspace] WARN  o.e.m.c.i.embedder.EclipseLogger - Using platform encoding (MS949 actually) to copy filtered resources, i.e. build is platform dependent!
2025-05-08 10:38:49,649 [Worker-29: Building workspace] INFO  o.e.m.c.i.embedder.EclipseLogger - skip non existing resourceDirectory D:\MSAFullstackJava\webWorkspace\web20\src\main\resources
2025-05-08 10:38:49,650 [Worker-29: Building workspace] WARN  o.e.m.c.i.embedder.EclipseLogger - Using platform encoding (MS949 actually) to copy filtered resources, i.e. build is platform dependent!
2025-05-08 10:38:49,651 [Worker-29: Building workspace] INFO  o.e.m.c.i.embedder.EclipseLogger - skip non existing resourceDirectory D:\MSAFullstackJava\webWorkspace\web20\src\test\resources
2025-05-08 10:39:32,666 [Worker-31: Building workspace] WARN  o.e.m.c.i.embedder.EclipseLogger - Using platform encoding (MS949 actually) to copy filtered resources, i.e. build is platform dependent!
2025-05-08 10:39:32,667 [Worker-31: Building workspace] INFO  o.e.m.c.i.embedder.EclipseLogger - skip non existing resourceDirectory D:\MSAFullstackJava\webWorkspace\web20\src\main\resources
2025-05-08 10:39:32,669 [Worker-31: Building workspace] WARN  o.e.m.c.i.embedder.EclipseLogger - Using platform encoding (MS949 actually) to copy filtered resources, i.e. build is platform dependent!
2025-05-08 10:39:32,669 [Worker-31: Building workspace] INFO  o.e.m.c.i.embedder.EclipseLogger - skip non existing resourceDirectory D:\MSAFullstackJava\webWorkspace\web20\src\test\resources
2025-05-08 10:41:34,001 [Worker-24: Building workspace] WARN  o.e.m.c.i.embedder.EclipseLogger - Using platform encoding (MS949 actually) to copy filtered resources, i.e. build is platform dependent!
2025-05-08 10:41:34,002 [Worker-24: Building workspace] INFO  o.e.m.c.i.embedder.EclipseLogger - skip non existing resourceDirectory D:\MSAFullstackJava\webWorkspace\web20\src\main\resources
2025-05-08 10:41:34,002 [Worker-24: Building workspace] WARN  o.e.m.c.i.embedder.EclipseLogger - Using platform encoding (MS949 actually) to copy filtered resources, i.e. build is platform dependent!
2025-05-08 10:41:34,003 [Worker-24: Building workspace] INFO  o.e.m.c.i.embedder.EclipseLogger - skip non existing resourceDirectory D:\MSAFullstackJava\webWorkspace\web20\src\test\resources
2025-05-08 10:41:54,184 [Worker-24: Building workspace] WARN  o.e.m.c.i.embedder.EclipseLogger - Using platform encoding (MS949 actually) to copy filtered resources, i.e. build is platform dependent!
2025-05-08 10:41:54,184 [Worker-24: Building workspace] INFO  o.e.m.c.i.embedder.EclipseLogger - skip non existing resourceDirectory D:\MSAFullstackJava\webWorkspace\web20\src\main\resources
2025-05-08 10:41:54,185 [Worker-24: Building workspace] WARN  o.e.m.c.i.embedder.EclipseLogger - Using platform encoding (MS949 actually) to copy filtered resources, i.e. build is platform dependent!
2025-05-08 10:41:54,186 [Worker-24: Building workspace] INFO  o.e.m.c.i.embedder.EclipseLogger - skip non existing resourceDirectory D:\MSAFullstackJava\webWorkspace\web20\src\test\resources
2025-05-08 10:41:56,274 [Worker-27: Building workspace] WARN  o.e.m.c.i.embedder.EclipseLogger - Using platform encoding (MS949 actually) to copy filtered resources, i.e. build is platform dependent!
2025-05-08 10:41:56,275 [Worker-27: Building workspace] INFO  o.e.m.c.i.embedder.EclipseLogger - skip non existing resourceDirectory D:\MSAFullstackJava\webWorkspace\web20\src\main\resources
2025-05-08 10:41:56,275 [Worker-27: Building workspace] WARN  o.e.m.c.i.embedder.EclipseLogger - Using platform encoding (MS949 actually) to copy filtered resources, i.e. build is platform dependent!
2025-05-08 10:41:56,276 [Worker-27: Building workspace] INFO  o.e.m.c.i.embedder.EclipseLogger - skip non existing resourceDirectory D:\MSAFullstackJava\webWorkspace\web20\src\test\resources
2025-05-08 10:42:18,062 [Worker-6: Building workspace] WARN  o.e.m.c.i.embedder.EclipseLogger - Using platform encoding (MS949 actually) to copy filtered resources, i.e. build is platform dependent!
2025-05-08 10:42:18,063 [Worker-6: Building workspace] INFO  o.e.m.c.i.embedder.EclipseLogger - skip non existing resourceDirectory D:\MSAFullstackJava\webWorkspace\web20\src\main\resources
2025-05-08 10:42:18,063 [Worker-6: Building workspace] WARN  o.e.m.c.i.embedder.EclipseLogger - Using platform encoding (MS949 actually) to copy filtered resources, i.e. build is platform dependent!
2025-05-08 10:42:18,064 [Worker-6: Building workspace] INFO  o.e.m.c.i.embedder.EclipseLogger - skip non existing resourceDirectory D:\MSAFullstackJava\webWorkspace\web20\src\test\resources
2025-05-08 10:42:27,903 [Worker-6: Building workspace] WARN  o.e.m.c.i.embedder.EclipseLogger - Using platform encoding (MS949 actually) to copy filtered resources, i.e. build is platform dependent!
2025-05-08 10:42:27,904 [Worker-6: Building workspace] INFO  o.e.m.c.i.embedder.EclipseLogger - skip non existing resourceDirectory D:\MSAFullstackJava\webWorkspace\web20\src\main\resources
2025-05-08 10:42:27,905 [Worker-6: Building workspace] WARN  o.e.m.c.i.embedder.EclipseLogger - Using platform encoding (MS949 actually) to copy filtered resources, i.e. build is platform dependent!
2025-05-08 10:42:27,905 [Worker-6: Building workspace] INFO  o.e.m.c.i.embedder.EclipseLogger - skip non existing resourceDirectory D:\MSAFullstackJava\webWorkspace\web20\src\test\resources
2025-05-08 10:42:56,413 [Worker-27: Building workspace] WARN  o.e.m.c.i.embedder.EclipseLogger - Using platform encoding (MS949 actually) to copy filtered resources, i.e. build is platform dependent!
2025-05-08 10:42:56,414 [Worker-27: Building workspace] INFO  o.e.m.c.i.embedder.EclipseLogger - skip non existing resourceDirectory D:\MSAFullstackJava\webWorkspace\web20\src\main\resources
2025-05-08 10:42:56,415 [Worker-27: Building workspace] WARN  o.e.m.c.i.embedder.EclipseLogger - Using platform encoding (MS949 actually) to copy filtered resources, i.e. build is platform dependent!
2025-05-08 10:42:56,416 [Worker-27: Building workspace] INFO  o.e.m.c.i.embedder.EclipseLogger - skip non existing resourceDirectory D:\MSAFullstackJava\webWorkspace\web20\src\test\resources
2025-05-08 10:43:01,270 [Worker-30: Building workspace] WARN  o.e.m.c.i.embedder.EclipseLogger - Using platform encoding (MS949 actually) to copy filtered resources, i.e. build is platform dependent!
2025-05-08 10:43:01,270 [Worker-30: Building workspace] INFO  o.e.m.c.i.embedder.EclipseLogger - skip non existing resourceDirectory D:\MSAFullstackJava\webWorkspace\web20\src\main\resources
2025-05-08 10:43:01,270 [Worker-30: Building workspace] WARN  o.e.m.c.i.embedder.EclipseLogger - Using platform encoding (MS949 actually) to copy filtered resources, i.e. build is platform dependent!
2025-05-08 10:43:01,272 [Worker-30: Building workspace] INFO  o.e.m.c.i.embedder.EclipseLogger - skip non existing resourceDirectory D:\MSAFullstackJava\webWorkspace\web20\src\test\resources
2025-05-08 10:43:45,776 [Worker-27: Building workspace] WARN  o.e.m.c.i.embedder.EclipseLogger - Using platform encoding (MS949 actually) to copy filtered resources, i.e. build is platform dependent!
2025-05-08 10:43:45,776 [Worker-27: Building workspace] INFO  o.e.m.c.i.embedder.EclipseLogger - skip non existing resourceDirectory D:\MSAFullstackJava\webWorkspace\web20\src\main\resources
2025-05-08 10:43:45,778 [Worker-27: Building workspace] WARN  o.e.m.c.i.embedder.EclipseLogger - Using platform encoding (MS949 actually) to copy filtered resources, i.e. build is platform dependent!
2025-05-08 10:43:45,779 [Worker-27: Building workspace] INFO  o.e.m.c.i.embedder.EclipseLogger - skip non existing resourceDirectory D:\MSAFullstackJava\webWorkspace\web20\src\test\resources
2025-05-08 10:44:05,462 [Worker-29: Building workspace] WARN  o.e.m.c.i.embedder.EclipseLogger - Using platform encoding (MS949 actually) to copy filtered resources, i.e. build is platform dependent!
2025-05-08 10:44:05,463 [Worker-29: Building workspace] INFO  o.e.m.c.i.embedder.EclipseLogger - skip non existing resourceDirectory D:\MSAFullstackJava\webWorkspace\web20\src\main\resources
2025-05-08 10:44:05,464 [Worker-29: Building workspace] WARN  o.e.m.c.i.embedder.EclipseLogger - Using platform encoding (MS949 actually) to copy filtered resources, i.e. build is platform dependent!
2025-05-08 10:44:05,465 [Worker-29: Building workspace] INFO  o.e.m.c.i.embedder.EclipseLogger - skip non existing resourceDirectory D:\MSAFullstackJava\webWorkspace\web20\src\test\resources
2025-05-08 10:44:07,502 [Worker-29: Building workspace] WARN  o.e.m.c.i.embedder.EclipseLogger - Using platform encoding (MS949 actually) to copy filtered resources, i.e. build is platform dependent!
2025-05-08 10:44:07,503 [Worker-29: Building workspace] INFO  o.e.m.c.i.embedder.EclipseLogger - skip non existing resourceDirectory D:\MSAFullstackJava\webWorkspace\web20\src\main\resources
2025-05-08 10:44:07,503 [Worker-29: Building workspace] WARN  o.e.m.c.i.embedder.EclipseLogger - Using platform encoding (MS949 actually) to copy filtered resources, i.e. build is platform dependent!
2025-05-08 10:44:07,504 [Worker-29: Building workspace] INFO  o.e.m.c.i.embedder.EclipseLogger - skip non existing resourceDirectory D:\MSAFullstackJava\webWorkspace\web20\src\test\resources
2025-05-08 10:44:09,536 [Worker-31: Building workspace] WARN  o.e.m.c.i.embedder.EclipseLogger - Using platform encoding (MS949 actually) to copy filtered resources, i.e. build is platform dependent!
2025-05-08 10:44:09,536 [Worker-31: Building workspace] INFO  o.e.m.c.i.embedder.EclipseLogger - skip non existing resourceDirectory D:\MSAFullstackJava\webWorkspace\web20\src\main\resources
2025-05-08 10:44:09,537 [Worker-31: Building workspace] WARN  o.e.m.c.i.embedder.EclipseLogger - Using platform encoding (MS949 actually) to copy filtered resources, i.e. build is platform dependent!
2025-05-08 10:44:09,537 [Worker-31: Building workspace] INFO  o.e.m.c.i.embedder.EclipseLogger - skip non existing resourceDirectory D:\MSAFullstackJava\webWorkspace\web20\src\test\resources
2025-05-08 10:44:30,274 [Worker-30: Building workspace] WARN  o.e.m.c.i.embedder.EclipseLogger - Using platform encoding (MS949 actually) to copy filtered resources, i.e. build is platform dependent!
2025-05-08 10:44:30,275 [Worker-30: Building workspace] INFO  o.e.m.c.i.embedder.EclipseLogger - skip non existing resourceDirectory D:\MSAFullstackJava\webWorkspace\web20\src\main\resources
2025-05-08 10:44:30,276 [Worker-30: Building workspace] WARN  o.e.m.c.i.embedder.EclipseLogger - Using platform encoding (MS949 actually) to copy filtered resources, i.e. build is platform dependent!
2025-05-08 10:44:30,277 [Worker-30: Building workspace] INFO  o.e.m.c.i.embedder.EclipseLogger - skip non existing resourceDirectory D:\MSAFullstackJava\webWorkspace\web20\src\test\resources
2025-05-08 10:45:16,965 [Worker-6: Building workspace] WARN  o.e.m.c.i.embedder.EclipseLogger - Using platform encoding (MS949 actually) to copy filtered resources, i.e. build is platform dependent!
2025-05-08 10:45:16,966 [Worker-6: Building workspace] INFO  o.e.m.c.i.embedder.EclipseLogger - skip non existing resourceDirectory D:\MSAFullstackJava\webWorkspace\web20\src\main\resources
2025-05-08 10:45:16,966 [Worker-6: Building workspace] WARN  o.e.m.c.i.embedder.EclipseLogger - Using platform encoding (MS949 actually) to copy filtered resources, i.e. build is platform dependent!
2025-05-08 10:45:16,967 [Worker-6: Building workspace] INFO  o.e.m.c.i.embedder.EclipseLogger - skip non existing resourceDirectory D:\MSAFullstackJava\webWorkspace\web20\src\test\resources
2025-05-08 10:45:19,010 [Worker-31: Building workspace] WARN  o.e.m.c.i.embedder.EclipseLogger - Using platform encoding (MS949 actually) to copy filtered resources, i.e. build is platform dependent!
2025-05-08 10:45:19,011 [Worker-31: Building workspace] INFO  o.e.m.c.i.embedder.EclipseLogger - skip non existing resourceDirectory D:\MSAFullstackJava\webWorkspace\web20\src\main\resources
2025-05-08 10:45:19,011 [Worker-31: Building workspace] WARN  o.e.m.c.i.embedder.EclipseLogger - Using platform encoding (MS949 actually) to copy filtered resources, i.e. build is platform dependent!
2025-05-08 10:45:19,012 [Worker-31: Building workspace] INFO  o.e.m.c.i.embedder.EclipseLogger - skip non existing resourceDirectory D:\MSAFullstackJava\webWorkspace\web20\src\test\resources
2025-05-08 10:46:46,410 [Worker-32: Building workspace] WARN  o.e.m.c.i.embedder.EclipseLogger - Using platform encoding (MS949 actually) to copy filtered resources, i.e. build is platform dependent!
2025-05-08 10:46:46,411 [Worker-32: Building workspace] INFO  o.e.m.c.i.embedder.EclipseLogger - skip non existing resourceDirectory D:\MSAFullstackJava\webWorkspace\web20\src\main\resources
2025-05-08 10:46:46,411 [Worker-32: Building workspace] WARN  o.e.m.c.i.embedder.EclipseLogger - Using platform encoding (MS949 actually) to copy filtered resources, i.e. build is platform dependent!
2025-05-08 10:46:46,412 [Worker-32: Building workspace] INFO  o.e.m.c.i.embedder.EclipseLogger - skip non existing resourceDirectory D:\MSAFullstackJava\webWorkspace\web20\src\test\resources
2025-05-08 10:47:00,114 [Worker-32: Building workspace] WARN  o.e.m.c.i.embedder.EclipseLogger - Using platform encoding (MS949 actually) to copy filtered resources, i.e. build is platform dependent!
2025-05-08 10:47:00,115 [Worker-32: Building workspace] INFO  o.e.m.c.i.embedder.EclipseLogger - skip non existing resourceDirectory D:\MSAFullstackJava\webWorkspace\web20\src\main\resources
2025-05-08 10:47:00,116 [Worker-32: Building workspace] WARN  o.e.m.c.i.embedder.EclipseLogger - Using platform encoding (MS949 actually) to copy filtered resources, i.e. build is platform dependent!
2025-05-08 10:47:00,117 [Worker-32: Building workspace] INFO  o.e.m.c.i.embedder.EclipseLogger - skip non existing resourceDirectory D:\MSAFullstackJava\webWorkspace\web20\src\test\resources
2025-05-08 10:47:19,253 [Worker-32: Building workspace] WARN  o.e.m.c.i.embedder.EclipseLogger - Using platform encoding (MS949 actually) to copy filtered resources, i.e. build is platform dependent!
2025-05-08 10:47:19,254 [Worker-32: Building workspace] INFO  o.e.m.c.i.embedder.EclipseLogger - skip non existing resourceDirectory D:\MSAFullstackJava\webWorkspace\web20\src\main\resources
2025-05-08 10:47:19,255 [Worker-32: Building workspace] WARN  o.e.m.c.i.embedder.EclipseLogger - Using platform encoding (MS949 actually) to copy filtered resources, i.e. build is platform dependent!
2025-05-08 10:47:19,255 [Worker-32: Building workspace] INFO  o.e.m.c.i.embedder.EclipseLogger - skip non existing resourceDirectory D:\MSAFullstackJava\webWorkspace\web20\src\test\resources
2025-05-08 10:47:23,497 [Worker-32: Building workspace] WARN  o.e.m.c.i.embedder.EclipseLogger - Using platform encoding (MS949 actually) to copy filtered resources, i.e. build is platform dependent!
2025-05-08 10:47:23,498 [Worker-32: Building workspace] INFO  o.e.m.c.i.embedder.EclipseLogger - skip non existing resourceDirectory D:\MSAFullstackJava\webWorkspace\web20\src\main\resources
2025-05-08 10:47:23,498 [Worker-32: Building workspace] WARN  o.e.m.c.i.embedder.EclipseLogger - Using platform encoding (MS949 actually) to copy filtered resources, i.e. build is platform dependent!
2025-05-08 10:47:23,499 [Worker-32: Building workspace] INFO  o.e.m.c.i.embedder.EclipseLogger - skip non existing resourceDirectory D:\MSAFullstackJava\webWorkspace\web20\src\test\resources
2025-05-08 10:48:10,014 [Worker-29: Building workspace] WARN  o.e.m.c.i.embedder.EclipseLogger - Using platform encoding (MS949 actually) to copy filtered resources, i.e. build is platform dependent!
2025-05-08 10:48:10,015 [Worker-29: Building workspace] INFO  o.e.m.c.i.embedder.EclipseLogger - skip non existing resourceDirectory D:\MSAFullstackJava\webWorkspace\web20\src\main\resources
2025-05-08 10:48:10,016 [Worker-29: Building workspace] WARN  o.e.m.c.i.embedder.EclipseLogger - Using platform encoding (MS949 actually) to copy filtered resources, i.e. build is platform dependent!
2025-05-08 10:48:10,016 [Worker-29: Building workspace] INFO  o.e.m.c.i.embedder.EclipseLogger - skip non existing resourceDirectory D:\MSAFullstackJava\webWorkspace\web20\src\test\resources
2025-05-08 10:49:16,245 [Worker-31: Updating Maven Project] INFO  o.e.m.c.i.p.ProjectConfigurationManager - Update started
2025-05-08 10:49:16,483 [Worker-31: Updating Maven Project] INFO  o.e.m.c.i.l.LifecycleMappingFactory - Using org.maven.ide.eclipse.wtp.WarLifecycleMapping lifecycle mapping for MavenProject: com.myweb:web20:0.0.1-SNAPSHOT @ D:\MSAFullstackJava\webWorkspace\web20\pom.xml.
2025-05-08 10:49:16,837 [Worker-31: Updating Maven Project] INFO  o.e.m.j.i.AbstractJavaProjectConfigurator - Adding source folder /web20/src
2025-05-08 10:49:16,837 [Worker-31: Updating Maven Project] INFO  o.e.m.j.i.AbstractJavaProjectConfigurator - Not adding source folder /web20/src/test/java because it overlaps with /web20/src
2025-05-08 10:49:16,943 [Worker-31: Updating Maven Project] INFO  o.e.m.w.i.f.ResourceFilteringBuildParticipant - Cleaning filtered folder for web20
2025-05-08 10:49:16,945 [Worker-31: Updating Maven Project] INFO  o.e.m.c.i.p.ProjectConfigurationManager - Update completed: 0 sec
2025-05-08 10:49:17,152 [Worker-31: Building workspace] WARN  o.e.m.c.i.embedder.EclipseLogger - Using platform encoding (MS949 actually) to copy filtered resources, i.e. build is platform dependent!
2025-05-08 10:49:17,153 [Worker-31: Building workspace] INFO  o.e.m.c.i.embedder.EclipseLogger - skip non existing resourceDirectory D:\MSAFullstackJava\webWorkspace\web20\src\main\resources
2025-05-08 10:49:17,154 [Worker-31: Building workspace] WARN  o.e.m.c.i.embedder.EclipseLogger - Using platform encoding (MS949 actually) to copy filtered resources, i.e. build is platform dependent!
2025-05-08 10:49:17,155 [Worker-31: Building workspace] INFO  o.e.m.c.i.embedder.EclipseLogger - skip non existing resourceDirectory D:\MSAFullstackJava\webWorkspace\web20\src\test\resources
2025-05-08 10:49:17,155 [Worker-31: Building workspace] INFO  o.e.m.w.i.f.ResourceFilteringBuildParticipant - Changed resources require a complete clean of filtered resources of web20
2025-05-08 10:49:17,155 [Worker-31: Building workspace] INFO  o.e.m.w.i.f.ResourceFilteringBuildParticipant - Executing resource filtering for web20
2025-05-08 10:49:17,159 [Worker-31: Building workspace] WARN  o.e.m.c.i.embedder.EclipseLogger - Using platform encoding (MS949 actually) to copy filtered resources, i.e. build is platform dependent!
2025-05-08 10:50:23,733 [Worker-6: Enabling Maven Dependency Management] INFO  o.e.m.c.i.l.LifecycleMappingFactory - Using org.maven.ide.eclipse.wtp.WarLifecycleMapping lifecycle mapping for MavenProject: web202:web202:0.0.1-SNAPSHOT @ D:\MSAFullstackJava\webWorkspace\web202\pom.xml.
2025-05-08 10:50:24,265 [Worker-6: Enabling Maven Dependency Management] INFO  o.e.m.j.i.AbstractJavaProjectConfigurator - Adding source folder /web202/src
2025-05-08 10:50:24,265 [Worker-6: Enabling Maven Dependency Management] INFO  o.e.m.j.i.AbstractJavaProjectConfigurator - Not adding source folder /web202/src/test/java because it overlaps with /web202/src
2025-05-08 10:50:24,463 [Worker-6: Enabling Maven Dependency Management] INFO  o.e.m.c.i.p.ProjectConfigurationManager - Update started
2025-05-08 10:50:24,658 [Worker-6: Enabling Maven Dependency Management] INFO  o.e.m.c.i.l.LifecycleMappingFactory - Using org.maven.ide.eclipse.wtp.WarLifecycleMapping lifecycle mapping for MavenProject: web202:web202:0.0.1-SNAPSHOT @ D:\MSAFullstackJava\webWorkspace\web202\pom.xml.
2025-05-08 10:50:25,046 [Worker-6: Enabling Maven Dependency Management] INFO  o.e.m.j.i.AbstractJavaProjectConfigurator - Adding source folder /web202/src
2025-05-08 10:50:25,047 [Worker-6: Enabling Maven Dependency Management] INFO  o.e.m.j.i.AbstractJavaProjectConfigurator - Not adding source folder /web202/src/test/java because it overlaps with /web202/src
2025-05-08 10:50:25,138 [Worker-6: Enabling Maven Dependency Management] INFO  o.e.m.w.i.f.ResourceFilteringBuildParticipant - Cleaning filtered folder for web202
2025-05-08 10:50:25,144 [Worker-6: Enabling Maven Dependency Management] INFO  o.e.m.c.i.p.ProjectConfigurationManager - Update completed: 0 sec
2025-05-08 10:50:25,269 [Worker-27: Building workspace] WARN  o.e.m.c.i.embedder.EclipseLogger - Using platform encoding (MS949 actually) to copy filtered resources, i.e. build is platform dependent!
2025-05-08 10:50:25,270 [Worker-27: Building workspace] INFO  o.e.m.c.i.embedder.EclipseLogger - skip non existing resourceDirectory D:\MSAFullstackJava\webWorkspace\web202\src\main\resources
2025-05-08 10:50:25,272 [Worker-27: Building workspace] WARN  o.e.m.c.i.embedder.EclipseLogger - Using platform encoding (MS949 actually) to copy filtered resources, i.e. build is platform dependent!
2025-05-08 10:50:25,273 [Worker-27: Building workspace] INFO  o.e.m.c.i.embedder.EclipseLogger - skip non existing resourceDirectory D:\MSAFullstackJava\webWorkspace\web202\src\test\resources
2025-05-08 10:50:25,273 [Worker-27: Building workspace] INFO  o.e.m.w.i.f.ResourceFilteringBuildParticipant - Changed resources require a complete clean of filtered resources of web202
2025-05-08 10:50:25,273 [Worker-27: Building workspace] INFO  o.e.m.w.i.f.ResourceFilteringBuildParticipant - Executing resource filtering for web202
2025-05-08 10:50:25,276 [Worker-27: Building workspace] WARN  o.e.m.c.i.embedder.EclipseLogger - Using platform encoding (MS949 actually) to copy filtered resources, i.e. build is platform dependent!
2025-05-08 10:56:49,264 [Worker-36: Enabling Maven Dependency Management] INFO  o.e.m.c.i.l.LifecycleMappingFactory - Using org.maven.ide.eclipse.wtp.WarLifecycleMapping lifecycle mapping for MavenProject: com.myweb:web202:0.0.1-SNAPSHOT @ D:\MSAFullstackJava\webWorkspace\web202\pom.xml.
2025-05-08 10:56:49,754 [Worker-36: Enabling Maven Dependency Management] INFO  o.e.m.j.i.AbstractJavaProjectConfigurator - Adding source folder /web202/src
2025-05-08 10:56:49,754 [Worker-36: Enabling Maven Dependency Management] INFO  o.e.m.j.i.AbstractJavaProjectConfigurator - Not adding source folder /web202/src/test/java because it overlaps with /web202/src
2025-05-08 10:56:49,939 [Worker-36: Enabling Maven Dependency Management] INFO  o.e.m.c.i.p.ProjectConfigurationManager - Update started
2025-05-08 10:56:50,152 [Worker-36: Enabling Maven Dependency Management] INFO  o.e.m.c.i.l.LifecycleMappingFactory - Using org.maven.ide.eclipse.wtp.WarLifecycleMapping lifecycle mapping for MavenProject: com.myweb:web202:0.0.1-SNAPSHOT @ D:\MSAFullstackJava\webWorkspace\web202\pom.xml.
2025-05-08 10:56:50,578 [Worker-36: Enabling Maven Dependency Management] INFO  o.e.m.j.i.AbstractJavaProjectConfigurator - Adding source folder /web202/src
2025-05-08 10:56:50,578 [Worker-36: Enabling Maven Dependency Management] INFO  o.e.m.j.i.AbstractJavaProjectConfigurator - Not adding source folder /web202/src/test/java because it overlaps with /web202/src
2025-05-08 10:56:50,677 [Worker-36: Enabling Maven Dependency Management] INFO  o.e.m.w.i.f.ResourceFilteringBuildParticipant - Cleaning filtered folder for web202
2025-05-08 10:56:50,682 [Worker-36: Enabling Maven Dependency Management] INFO  o.e.m.c.i.p.ProjectConfigurationManager - Update completed: 0 sec
2025-05-08 10:56:50,885 [Worker-42: Building workspace] WARN  o.e.m.c.i.embedder.EclipseLogger - Using platform encoding (MS949 actually) to copy filtered resources, i.e. build is platform dependent!
2025-05-08 10:56:50,885 [Worker-42: Building workspace] INFO  o.e.m.c.i.embedder.EclipseLogger - skip non existing resourceDirectory D:\MSAFullstackJava\webWorkspace\web202\src\main\resources
2025-05-08 10:56:50,886 [Worker-42: Building workspace] WARN  o.e.m.c.i.embedder.EclipseLogger - Using platform encoding (MS949 actually) to copy filtered resources, i.e. build is platform dependent!
2025-05-08 10:56:50,887 [Worker-42: Building workspace] INFO  o.e.m.c.i.embedder.EclipseLogger - skip non existing resourceDirectory D:\MSAFullstackJava\webWorkspace\web202\src\test\resources
2025-05-08 10:56:50,887 [Worker-42: Building workspace] INFO  o.e.m.w.i.f.ResourceFilteringBuildParticipant - Changed resources require a complete clean of filtered resources of web202
2025-05-08 10:56:50,887 [Worker-42: Building workspace] INFO  o.e.m.w.i.f.ResourceFilteringBuildParticipant - Executing resource filtering for web202
2025-05-08 10:56:50,890 [Worker-42: Building workspace] WARN  o.e.m.c.i.embedder.EclipseLogger - Using platform encoding (MS949 actually) to copy filtered resources, i.e. build is platform dependent!
2025-05-08 10:57:27,145 [Worker-31: Building workspace] INFO  o.e.m.c.i.l.LifecycleMappingFactory - Using org.maven.ide.eclipse.wtp.WarLifecycleMapping lifecycle mapping for MavenProject: com.myweb:web202:0.0.1-SNAPSHOT @ D:\MSAFullstackJava\webWorkspace\web202\pom.xml.
2025-05-08 10:57:27,489 [Worker-31: Building workspace] WARN  o.e.m.c.i.embedder.EclipseLogger - Using platform encoding (MS949 actually) to copy filtered resources, i.e. build is platform dependent!
2025-05-08 10:57:27,490 [Worker-31: Building workspace] INFO  o.e.m.c.i.embedder.EclipseLogger - skip non existing resourceDirectory D:\MSAFullstackJava\webWorkspace\web202\src\main\resources
2025-05-08 10:57:27,490 [Worker-31: Building workspace] WARN  o.e.m.c.i.embedder.EclipseLogger - Using platform encoding (MS949 actually) to copy filtered resources, i.e. build is platform dependent!
2025-05-08 10:57:27,492 [Worker-31: Building workspace] INFO  o.e.m.c.i.embedder.EclipseLogger - skip non existing resourceDirectory D:\MSAFullstackJava\webWorkspace\web202\src\test\resources
2025-05-08 10:57:27,492 [Worker-31: Building workspace] INFO  o.e.m.w.i.f.ResourceFilteringBuildParticipant - Changed resources require a complete clean of filtered resources of web202
2025-05-08 10:57:27,492 [Worker-31: Building workspace] INFO  o.e.m.w.i.f.ResourceFilteringBuildParticipant - Executing resource filtering for web202
2025-05-08 10:57:27,494 [Worker-31: Building workspace] WARN  o.e.m.c.i.embedder.EclipseLogger - Using platform encoding (MS949 actually) to copy filtered resources, i.e. build is platform dependent!
2025-05-08 10:57:28,674 [Worker-31: Building workspace] WARN  o.e.m.c.i.embedder.EclipseLogger - Using platform encoding (MS949 actually) to copy filtered resources, i.e. build is platform dependent!
2025-05-08 10:57:28,675 [Worker-31: Building workspace] INFO  o.e.m.c.i.embedder.EclipseLogger - skip non existing resourceDirectory D:\MSAFullstackJava\webWorkspace\web202\src\main\resources
2025-05-08 10:57:28,676 [Worker-31: Building workspace] WARN  o.e.m.c.i.embedder.EclipseLogger - Using platform encoding (MS949 actually) to copy filtered resources, i.e. build is platform dependent!
2025-05-08 10:57:28,677 [Worker-31: Building workspace] INFO  o.e.m.c.i.embedder.EclipseLogger - skip non existing resourceDirectory D:\MSAFullstackJava\webWorkspace\web202\src\test\resources
2025-05-08 10:58:06,235 [Worker-44: Building workspace] WARN  o.e.m.c.i.embedder.EclipseLogger - Using platform encoding (MS949 actually) to copy filtered resources, i.e. build is platform dependent!
2025-05-08 10:58:06,236 [Worker-44: Building workspace] INFO  o.e.m.c.i.embedder.EclipseLogger - skip non existing resourceDirectory D:\MSAFullstackJava\webWorkspace\web202\src\main\resources
2025-05-08 10:58:06,236 [Worker-44: Building workspace] WARN  o.e.m.c.i.embedder.EclipseLogger - Using platform encoding (MS949 actually) to copy filtered resources, i.e. build is platform dependent!
2025-05-08 10:58:06,237 [Worker-44: Building workspace] INFO  o.e.m.c.i.embedder.EclipseLogger - skip non existing resourceDirectory D:\MSAFullstackJava\webWorkspace\web202\src\test\resources
2025-05-08 10:59:00,876 [Worker-50: Building workspace] WARN  o.e.m.c.i.embedder.EclipseLogger - Using platform encoding (MS949 actually) to copy filtered resources, i.e. build is platform dependent!
2025-05-08 10:59:00,877 [Worker-50: Building workspace] INFO  o.e.m.c.i.embedder.EclipseLogger - skip non existing resourceDirectory D:\MSAFullstackJava\webWorkspace\web202\src\main\resources
2025-05-08 10:59:00,878 [Worker-50: Building workspace] WARN  o.e.m.c.i.embedder.EclipseLogger - Using platform encoding (MS949 actually) to copy filtered resources, i.e. build is platform dependent!
2025-05-08 10:59:00,879 [Worker-50: Building workspace] INFO  o.e.m.c.i.embedder.EclipseLogger - skip non existing resourceDirectory D:\MSAFullstackJava\webWorkspace\web202\src\test\resources
2025-05-08 10:59:36,237 [Worker-42: Building workspace] WARN  o.e.m.c.i.embedder.EclipseLogger - Using platform encoding (MS949 actually) to copy filtered resources, i.e. build is platform dependent!
2025-05-08 10:59:36,237 [Worker-42: Building workspace] INFO  o.e.m.c.i.embedder.EclipseLogger - skip non existing resourceDirectory D:\MSAFullstackJava\webWorkspace\web202\src\main\resources
2025-05-08 10:59:36,238 [Worker-42: Building workspace] WARN  o.e.m.c.i.embedder.EclipseLogger - Using platform encoding (MS949 actually) to copy filtered resources, i.e. build is platform dependent!
2025-05-08 10:59:36,238 [Worker-42: Building workspace] INFO  o.e.m.c.i.embedder.EclipseLogger - skip non existing resourceDirectory D:\MSAFullstackJava\webWorkspace\web202\src\test\resources
2025-05-08 11:08:33,293 [Worker-51: Building workspace] INFO  o.e.m.c.i.l.LifecycleMappingFactory - Using org.maven.ide.eclipse.wtp.WarLifecycleMapping lifecycle mapping for MavenProject: com.myweb:web202:0.0.1-SNAPSHOT @ D:\MSAFullstackJava\webWorkspace\web20\pom.xml.
2025-05-08 11:08:35,547 [Worker-51: Building workspace] WARN  o.e.m.c.i.embedder.EclipseLogger - Using platform encoding (MS949 actually) to copy filtered resources, i.e. build is platform dependent!
2025-05-08 11:08:35,548 [Worker-51: Building workspace] INFO  o.e.m.c.i.embedder.EclipseLogger - skip non existing resourceDirectory D:\MSAFullstackJava\webWorkspace\web20\src\main\resources
2025-05-08 11:08:35,549 [Worker-51: Building workspace] WARN  o.e.m.c.i.embedder.EclipseLogger - Using platform encoding (MS949 actually) to copy filtered resources, i.e. build is platform dependent!
2025-05-08 11:08:35,550 [Worker-51: Building workspace] INFO  o.e.m.c.i.embedder.EclipseLogger - skip non existing resourceDirectory D:\MSAFullstackJava\webWorkspace\web20\src\test\resources
2025-05-08 11:08:36,599 [Worker-57: Building workspace] WARN  o.e.m.c.i.embedder.EclipseLogger - Using platform encoding (MS949 actually) to copy filtered resources, i.e. build is platform dependent!
2025-05-08 11:08:36,600 [Worker-57: Building workspace] INFO  o.e.m.c.i.embedder.EclipseLogger - skip non existing resourceDirectory D:\MSAFullstackJava\webWorkspace\web20\src\main\resources
2025-05-08 11:08:36,601 [Worker-57: Building workspace] WARN  o.e.m.c.i.embedder.EclipseLogger - Using platform encoding (MS949 actually) to copy filtered resources, i.e. build is platform dependent!
2025-05-08 11:08:36,602 [Worker-57: Building workspace] INFO  o.e.m.c.i.embedder.EclipseLogger - skip non existing resourceDirectory D:\MSAFullstackJava\webWorkspace\web20\src\test\resources
2025-05-08 11:10:54,602 [Worker-53: Building workspace] WARN  o.e.m.c.i.embedder.EclipseLogger - Using platform encoding (MS949 actually) to copy filtered resources, i.e. build is platform dependent!
2025-05-08 11:10:54,604 [Worker-53: Building workspace] INFO  o.e.m.c.i.embedder.EclipseLogger - skip non existing resourceDirectory D:\MSAFullstackJava\webWorkspace\web20\src\main\resources
2025-05-08 11:10:54,605 [Worker-53: Building workspace] WARN  o.e.m.c.i.embedder.EclipseLogger - Using platform encoding (MS949 actually) to copy filtered resources, i.e. build is platform dependent!
2025-05-08 11:10:54,605 [Worker-53: Building workspace] INFO  o.e.m.c.i.embedder.EclipseLogger - skip non existing resourceDirectory D:\MSAFullstackJava\webWorkspace\web20\src\test\resources
2025-05-08 11:11:24,529 [Worker-58: Building workspace] WARN  o.e.m.c.i.embedder.EclipseLogger - Using platform encoding (MS949 actually) to copy filtered resources, i.e. build is platform dependent!
2025-05-08 11:11:24,530 [Worker-58: Building workspace] INFO  o.e.m.c.i.embedder.EclipseLogger - skip non existing resourceDirectory D:\MSAFullstackJava\webWorkspace\web20\src\main\resources
2025-05-08 11:11:24,530 [Worker-58: Building workspace] WARN  o.e.m.c.i.embedder.EclipseLogger - Using platform encoding (MS949 actually) to copy filtered resources, i.e. build is platform dependent!
2025-05-08 11:11:24,531 [Worker-58: Building workspace] INFO  o.e.m.c.i.embedder.EclipseLogger - skip non existing resourceDirectory D:\MSAFullstackJava\webWorkspace\web20\src\test\resources
2025-05-08 11:11:53,235 [Worker-46: Building workspace] WARN  o.e.m.c.i.embedder.EclipseLogger - Using platform encoding (MS949 actually) to copy filtered resources, i.e. build is platform dependent!
2025-05-08 11:11:53,236 [Worker-46: Building workspace] INFO  o.e.m.c.i.embedder.EclipseLogger - skip non existing resourceDirectory D:\MSAFullstackJava\webWorkspace\web20\src\main\resources
2025-05-08 11:11:53,236 [Worker-46: Building workspace] WARN  o.e.m.c.i.embedder.EclipseLogger - Using platform encoding (MS949 actually) to copy filtered resources, i.e. build is platform dependent!
2025-05-08 11:11:53,237 [Worker-46: Building workspace] INFO  o.e.m.c.i.embedder.EclipseLogger - skip non existing resourceDirectory D:\MSAFullstackJava\webWorkspace\web20\src\test\resources
2025-05-08 11:12:18,212 [Worker-46: Building workspace] WARN  o.e.m.c.i.embedder.EclipseLogger - Using platform encoding (MS949 actually) to copy filtered resources, i.e. build is platform dependent!
2025-05-08 11:12:18,213 [Worker-46: Building workspace] INFO  o.e.m.c.i.embedder.EclipseLogger - skip non existing resourceDirectory D:\MSAFullstackJava\webWorkspace\web20\src\main\resources
2025-05-08 11:12:18,214 [Worker-46: Building workspace] WARN  o.e.m.c.i.embedder.EclipseLogger - Using platform encoding (MS949 actually) to copy filtered resources, i.e. build is platform dependent!
2025-05-08 11:12:18,214 [Worker-46: Building workspace] INFO  o.e.m.c.i.embedder.EclipseLogger - skip non existing resourceDirectory D:\MSAFullstackJava\webWorkspace\web20\src\test\resources
2025-05-08 11:12:27,922 [Worker-51: Building workspace] WARN  o.e.m.c.i.embedder.EclipseLogger - Using platform encoding (MS949 actually) to copy filtered resources, i.e. build is platform dependent!
2025-05-08 11:12:27,923 [Worker-51: Building workspace] INFO  o.e.m.c.i.embedder.EclipseLogger - skip non existing resourceDirectory D:\MSAFullstackJava\webWorkspace\web20\src\main\resources
2025-05-08 11:12:27,923 [Worker-51: Building workspace] WARN  o.e.m.c.i.embedder.EclipseLogger - Using platform encoding (MS949 actually) to copy filtered resources, i.e. build is platform dependent!
2025-05-08 11:12:27,924 [Worker-51: Building workspace] INFO  o.e.m.c.i.embedder.EclipseLogger - skip non existing resourceDirectory D:\MSAFullstackJava\webWorkspace\web20\src\test\resources
2025-05-08 11:13:48,641 [Worker-38: Building workspace] WARN  o.e.m.c.i.embedder.EclipseLogger - Using platform encoding (MS949 actually) to copy filtered resources, i.e. build is platform dependent!
2025-05-08 11:13:48,642 [Worker-38: Building workspace] INFO  o.e.m.c.i.embedder.EclipseLogger - skip non existing resourceDirectory D:\MSAFullstackJava\webWorkspace\web20\src\main\resources
2025-05-08 11:13:48,643 [Worker-38: Building workspace] WARN  o.e.m.c.i.embedder.EclipseLogger - Using platform encoding (MS949 actually) to copy filtered resources, i.e. build is platform dependent!
2025-05-08 11:13:48,644 [Worker-38: Building workspace] INFO  o.e.m.c.i.embedder.EclipseLogger - skip non existing resourceDirectory D:\MSAFullstackJava\webWorkspace\web20\src\test\resources
2025-05-08 11:14:05,114 [Worker-54: Building workspace] WARN  o.e.m.c.i.embedder.EclipseLogger - Using platform encoding (MS949 actually) to copy filtered resources, i.e. build is platform dependent!
2025-05-08 11:14:05,115 [Worker-54: Building workspace] INFO  o.e.m.c.i.embedder.EclipseLogger - skip non existing resourceDirectory D:\MSAFullstackJava\webWorkspace\web20\src\main\resources
2025-05-08 11:14:05,116 [Worker-54: Building workspace] WARN  o.e.m.c.i.embedder.EclipseLogger - Using platform encoding (MS949 actually) to copy filtered resources, i.e. build is platform dependent!
2025-05-08 11:14:05,116 [Worker-54: Building workspace] INFO  o.e.m.c.i.embedder.EclipseLogger - skip non existing resourceDirectory D:\MSAFullstackJava\webWorkspace\web20\src\test\resources
2025-05-08 11:14:25,146 [Worker-55: Building workspace] WARN  o.e.m.c.i.embedder.EclipseLogger - Using platform encoding (MS949 actually) to copy filtered resources, i.e. build is platform dependent!
2025-05-08 11:14:25,147 [Worker-55: Building workspace] INFO  o.e.m.c.i.embedder.EclipseLogger - skip non existing resourceDirectory D:\MSAFullstackJava\webWorkspace\web20\src\main\resources
2025-05-08 11:14:25,147 [Worker-55: Building workspace] WARN  o.e.m.c.i.embedder.EclipseLogger - Using platform encoding (MS949 actually) to copy filtered resources, i.e. build is platform dependent!
2025-05-08 11:14:25,148 [Worker-55: Building workspace] INFO  o.e.m.c.i.embedder.EclipseLogger - skip non existing resourceDirectory D:\MSAFullstackJava\webWorkspace\web20\src\test\resources
2025-05-08 11:15:04,380 [Worker-51: Building workspace] WARN  o.e.m.c.i.embedder.EclipseLogger - Using platform encoding (MS949 actually) to copy filtered resources, i.e. build is platform dependent!
2025-05-08 11:15:04,381 [Worker-51: Building workspace] INFO  o.e.m.c.i.embedder.EclipseLogger - skip non existing resourceDirectory D:\MSAFullstackJava\webWorkspace\web20\src\main\resources
2025-05-08 11:15:04,381 [Worker-51: Building workspace] WARN  o.e.m.c.i.embedder.EclipseLogger - Using platform encoding (MS949 actually) to copy filtered resources, i.e. build is platform dependent!
2025-05-08 11:15:04,382 [Worker-51: Building workspace] INFO  o.e.m.c.i.embedder.EclipseLogger - skip non existing resourceDirectory D:\MSAFullstackJava\webWorkspace\web20\src\test\resources
2025-05-08 11:16:02,411 [Worker-46: Building workspace] WARN  o.e.m.c.i.embedder.EclipseLogger - Using platform encoding (MS949 actually) to copy filtered resources, i.e. build is platform dependent!
2025-05-08 11:16:02,411 [Worker-46: Building workspace] INFO  o.e.m.c.i.embedder.EclipseLogger - skip non existing resourceDirectory D:\MSAFullstackJava\webWorkspace\web20\src\main\resources
2025-05-08 11:16:02,412 [Worker-46: Building workspace] WARN  o.e.m.c.i.embedder.EclipseLogger - Using platform encoding (MS949 actually) to copy filtered resources, i.e. build is platform dependent!
2025-05-08 11:16:02,413 [Worker-46: Building workspace] INFO  o.e.m.c.i.embedder.EclipseLogger - skip non existing resourceDirectory D:\MSAFullstackJava\webWorkspace\web20\src\test\resources
2025-05-08 11:17:17,837 [Worker-47: Building workspace] WARN  o.e.m.c.i.embedder.EclipseLogger - Using platform encoding (MS949 actually) to copy filtered resources, i.e. build is platform dependent!
2025-05-08 11:17:17,838 [Worker-47: Building workspace] INFO  o.e.m.c.i.embedder.EclipseLogger - skip non existing resourceDirectory D:\MSAFullstackJava\webWorkspace\web20\src\main\resources
2025-05-08 11:17:17,838 [Worker-47: Building workspace] WARN  o.e.m.c.i.embedder.EclipseLogger - Using platform encoding (MS949 actually) to copy filtered resources, i.e. build is platform dependent!
2025-05-08 11:17:17,839 [Worker-47: Building workspace] INFO  o.e.m.c.i.embedder.EclipseLogger - skip non existing resourceDirectory D:\MSAFullstackJava\webWorkspace\web20\src\test\resources
2025-05-08 11:17:27,677 [Worker-57: Building workspace] WARN  o.e.m.c.i.embedder.EclipseLogger - Using platform encoding (MS949 actually) to copy filtered resources, i.e. build is platform dependent!
2025-05-08 11:17:27,678 [Worker-57: Building workspace] INFO  o.e.m.c.i.embedder.EclipseLogger - skip non existing resourceDirectory D:\MSAFullstackJava\webWorkspace\web20\src\main\resources
2025-05-08 11:17:27,678 [Worker-57: Building workspace] WARN  o.e.m.c.i.embedder.EclipseLogger - Using platform encoding (MS949 actually) to copy filtered resources, i.e. build is platform dependent!
2025-05-08 11:17:27,679 [Worker-57: Building workspace] INFO  o.e.m.c.i.embedder.EclipseLogger - skip non existing resourceDirectory D:\MSAFullstackJava\webWorkspace\web20\src\test\resources
2025-05-08 11:18:26,841 [Worker-56: Building workspace] WARN  o.e.m.c.i.embedder.EclipseLogger - Using platform encoding (MS949 actually) to copy filtered resources, i.e. build is platform dependent!
2025-05-08 11:18:26,842 [Worker-56: Building workspace] INFO  o.e.m.c.i.embedder.EclipseLogger - skip non existing resourceDirectory D:\MSAFullstackJava\webWorkspace\web20\src\main\resources
2025-05-08 11:18:26,843 [Worker-56: Building workspace] WARN  o.e.m.c.i.embedder.EclipseLogger - Using platform encoding (MS949 actually) to copy filtered resources, i.e. build is platform dependent!
2025-05-08 11:18:26,843 [Worker-56: Building workspace] INFO  o.e.m.c.i.embedder.EclipseLogger - skip non existing resourceDirectory D:\MSAFullstackJava\webWorkspace\web20\src\test\resources
2025-05-08 11:18:37,684 [Worker-52: Building workspace] WARN  o.e.m.c.i.embedder.EclipseLogger - Using platform encoding (MS949 actually) to copy filtered resources, i.e. build is platform dependent!
2025-05-08 11:18:37,685 [Worker-52: Building workspace] INFO  o.e.m.c.i.embedder.EclipseLogger - skip non existing resourceDirectory D:\MSAFullstackJava\webWorkspace\web20\src\main\resources
2025-05-08 11:18:37,687 [Worker-52: Building workspace] WARN  o.e.m.c.i.embedder.EclipseLogger - Using platform encoding (MS949 actually) to copy filtered resources, i.e. build is platform dependent!
2025-05-08 11:18:37,688 [Worker-52: Building workspace] INFO  o.e.m.c.i.embedder.EclipseLogger - skip non existing resourceDirectory D:\MSAFullstackJava\webWorkspace\web20\src\test\resources
2025-05-08 11:18:51,941 [Worker-58: Building workspace] WARN  o.e.m.c.i.embedder.EclipseLogger - Using platform encoding (MS949 actually) to copy filtered resources, i.e. build is platform dependent!
2025-05-08 11:18:51,941 [Worker-58: Building workspace] INFO  o.e.m.c.i.embedder.EclipseLogger - skip non existing resourceDirectory D:\MSAFullstackJava\webWorkspace\web20\src\main\resources
2025-05-08 11:18:51,942 [Worker-58: Building workspace] WARN  o.e.m.c.i.embedder.EclipseLogger - Using platform encoding (MS949 actually) to copy filtered resources, i.e. build is platform dependent!
2025-05-08 11:18:51,942 [Worker-58: Building workspace] INFO  o.e.m.c.i.embedder.EclipseLogger - skip non existing resourceDirectory D:\MSAFullstackJava\webWorkspace\web20\src\test\resources
2025-05-08 11:19:04,184 [Worker-57: Building workspace] WARN  o.e.m.c.i.embedder.EclipseLogger - Using platform encoding (MS949 actually) to copy filtered resources, i.e. build is platform dependent!
2025-05-08 11:19:04,184 [Worker-57: Building workspace] INFO  o.e.m.c.i.embedder.EclipseLogger - skip non existing resourceDirectory D:\MSAFullstackJava\webWorkspace\web20\src\main\resources
2025-05-08 11:19:04,186 [Worker-57: Building workspace] WARN  o.e.m.c.i.embedder.EclipseLogger - Using platform encoding (MS949 actually) to copy filtered resources, i.e. build is platform dependent!
2025-05-08 11:19:04,187 [Worker-57: Building workspace] INFO  o.e.m.c.i.embedder.EclipseLogger - skip non existing resourceDirectory D:\MSAFullstackJava\webWorkspace\web20\src\test\resources
2025-05-08 11:19:45,985 [Worker-58: Building workspace] WARN  o.e.m.c.i.embedder.EclipseLogger - Using platform encoding (MS949 actually) to copy filtered resources, i.e. build is platform dependent!
2025-05-08 11:19:45,986 [Worker-58: Building workspace] INFO  o.e.m.c.i.embedder.EclipseLogger - skip non existing resourceDirectory D:\MSAFullstackJava\webWorkspace\web20\src\main\resources
2025-05-08 11:19:45,986 [Worker-58: Building workspace] WARN  o.e.m.c.i.embedder.EclipseLogger - Using platform encoding (MS949 actually) to copy filtered resources, i.e. build is platform dependent!
2025-05-08 11:19:45,987 [Worker-58: Building workspace] INFO  o.e.m.c.i.embedder.EclipseLogger - skip non existing resourceDirectory D:\MSAFullstackJava\webWorkspace\web20\src\test\resources
2025-05-08 11:19:50,116 [Worker-56: Building workspace] WARN  o.e.m.c.i.embedder.EclipseLogger - Using platform encoding (MS949 actually) to copy filtered resources, i.e. build is platform dependent!
2025-05-08 11:19:50,117 [Worker-56: Building workspace] INFO  o.e.m.c.i.embedder.EclipseLogger - skip non existing resourceDirectory D:\MSAFullstackJava\webWorkspace\web20\src\main\resources
2025-05-08 11:19:50,118 [Worker-56: Building workspace] WARN  o.e.m.c.i.embedder.EclipseLogger - Using platform encoding (MS949 actually) to copy filtered resources, i.e. build is platform dependent!
2025-05-08 11:19:50,119 [Worker-56: Building workspace] INFO  o.e.m.c.i.embedder.EclipseLogger - skip non existing resourceDirectory D:\MSAFullstackJava\webWorkspace\web20\src\test\resources
2025-05-08 11:19:58,615 [Worker-52: Building workspace] WARN  o.e.m.c.i.embedder.EclipseLogger - Using platform encoding (MS949 actually) to copy filtered resources, i.e. build is platform dependent!
2025-05-08 11:19:58,615 [Worker-52: Building workspace] INFO  o.e.m.c.i.embedder.EclipseLogger - skip non existing resourceDirectory D:\MSAFullstackJava\webWorkspace\web20\src\main\resources
2025-05-08 11:19:58,616 [Worker-52: Building workspace] WARN  o.e.m.c.i.embedder.EclipseLogger - Using platform encoding (MS949 actually) to copy filtered resources, i.e. build is platform dependent!
2025-05-08 11:19:58,616 [Worker-52: Building workspace] INFO  o.e.m.c.i.embedder.EclipseLogger - skip non existing resourceDirectory D:\MSAFullstackJava\webWorkspace\web20\src\test\resources
2025-05-08 11:21:31,009 [Worker-54: Building workspace] WARN  o.e.m.c.i.embedder.EclipseLogger - Using platform encoding (MS949 actually) to copy filtered resources, i.e. build is platform dependent!
2025-05-08 11:21:31,009 [Worker-54: Building workspace] INFO  o.e.m.c.i.embedder.EclipseLogger - skip non existing resourceDirectory D:\MSAFullstackJava\webWorkspace\web20\src\main\resources
2025-05-08 11:21:31,010 [Worker-54: Building workspace] WARN  o.e.m.c.i.embedder.EclipseLogger - Using platform encoding (MS949 actually) to copy filtered resources, i.e. build is platform dependent!
2025-05-08 11:21:31,010 [Worker-54: Building workspace] INFO  o.e.m.c.i.embedder.EclipseLogger - skip non existing resourceDirectory D:\MSAFullstackJava\webWorkspace\web20\src\test\resources
2025-05-08 11:27:20,962 [Worker-53: Building workspace] WARN  o.e.m.c.i.embedder.EclipseLogger - Using platform encoding (MS949 actually) to copy filtered resources, i.e. build is platform dependent!
2025-05-08 11:27:20,962 [Worker-53: Building workspace] INFO  o.e.m.c.i.embedder.EclipseLogger - skip non existing resourceDirectory D:\MSAFullstackJava\webWorkspace\web20\src\main\resources
2025-05-08 11:27:20,963 [Worker-53: Building workspace] WARN  o.e.m.c.i.embedder.EclipseLogger - Using platform encoding (MS949 actually) to copy filtered resources, i.e. build is platform dependent!
2025-05-08 11:27:20,963 [Worker-53: Building workspace] INFO  o.e.m.c.i.embedder.EclipseLogger - skip non existing resourceDirectory D:\MSAFullstackJava\webWorkspace\web20\src\test\resources
2025-05-08 11:28:40,456 [Worker-60: Building workspace] WARN  o.e.m.c.i.embedder.EclipseLogger - Using platform encoding (MS949 actually) to copy filtered resources, i.e. build is platform dependent!
2025-05-08 11:28:40,457 [Worker-60: Building workspace] INFO  o.e.m.c.i.embedder.EclipseLogger - skip non existing resourceDirectory D:\MSAFullstackJava\webWorkspace\web20\src\main\resources
2025-05-08 11:28:40,457 [Worker-60: Building workspace] WARN  o.e.m.c.i.embedder.EclipseLogger - Using platform encoding (MS949 actually) to copy filtered resources, i.e. build is platform dependent!
2025-05-08 11:28:40,459 [Worker-60: Building workspace] INFO  o.e.m.c.i.embedder.EclipseLogger - skip non existing resourceDirectory D:\MSAFullstackJava\webWorkspace\web20\src\test\resources
2025-05-08 11:28:48,310 [Worker-47: Building workspace] WARN  o.e.m.c.i.embedder.EclipseLogger - Using platform encoding (MS949 actually) to copy filtered resources, i.e. build is platform dependent!
2025-05-08 11:28:48,310 [Worker-47: Building workspace] INFO  o.e.m.c.i.embedder.EclipseLogger - skip non existing resourceDirectory D:\MSAFullstackJava\webWorkspace\web20\src\main\resources
2025-05-08 11:28:48,311 [Worker-47: Building workspace] WARN  o.e.m.c.i.embedder.EclipseLogger - Using platform encoding (MS949 actually) to copy filtered resources, i.e. build is platform dependent!
2025-05-08 11:28:48,311 [Worker-47: Building workspace] INFO  o.e.m.c.i.embedder.EclipseLogger - skip non existing resourceDirectory D:\MSAFullstackJava\webWorkspace\web20\src\test\resources
2025-05-08 11:29:24,351 [Worker-47: Building workspace] WARN  o.e.m.c.i.embedder.EclipseLogger - Using platform encoding (MS949 actually) to copy filtered resources, i.e. build is platform dependent!
2025-05-08 11:29:24,351 [Worker-47: Building workspace] INFO  o.e.m.c.i.embedder.EclipseLogger - skip non existing resourceDirectory D:\MSAFullstackJava\webWorkspace\web20\src\main\resources
2025-05-08 11:29:24,352 [Worker-47: Building workspace] WARN  o.e.m.c.i.embedder.EclipseLogger - Using platform encoding (MS949 actually) to copy filtered resources, i.e. build is platform dependent!
2025-05-08 11:29:24,353 [Worker-47: Building workspace] INFO  o.e.m.c.i.embedder.EclipseLogger - skip non existing resourceDirectory D:\MSAFullstackJava\webWorkspace\web20\src\test\resources
2025-05-08 11:29:46,514 [Worker-60: Building workspace] WARN  o.e.m.c.i.embedder.EclipseLogger - Using platform encoding (MS949 actually) to copy filtered resources, i.e. build is platform dependent!
2025-05-08 11:29:46,515 [Worker-60: Building workspace] INFO  o.e.m.c.i.embedder.EclipseLogger - skip non existing resourceDirectory D:\MSAFullstackJava\webWorkspace\web20\src\main\resources
2025-05-08 11:29:46,515 [Worker-60: Building workspace] WARN  o.e.m.c.i.embedder.EclipseLogger - Using platform encoding (MS949 actually) to copy filtered resources, i.e. build is platform dependent!
2025-05-08 11:29:46,516 [Worker-60: Building workspace] INFO  o.e.m.c.i.embedder.EclipseLogger - skip non existing resourceDirectory D:\MSAFullstackJava\webWorkspace\web20\src\test\resources
2025-05-08 11:31:01,538 [Worker-62: Building workspace] WARN  o.e.m.c.i.embedder.EclipseLogger - Using platform encoding (MS949 actually) to copy filtered resources, i.e. build is platform dependent!
2025-05-08 11:31:01,539 [Worker-62: Building workspace] INFO  o.e.m.c.i.embedder.EclipseLogger - skip non existing resourceDirectory D:\MSAFullstackJava\webWorkspace\web20\src\main\resources
2025-05-08 11:31:01,539 [Worker-62: Building workspace] WARN  o.e.m.c.i.embedder.EclipseLogger - Using platform encoding (MS949 actually) to copy filtered resources, i.e. build is platform dependent!
2025-05-08 11:31:01,549 [Worker-62: Building workspace] INFO  o.e.m.c.i.embedder.EclipseLogger - skip non existing resourceDirectory D:\MSAFullstackJava\webWorkspace\web20\src\test\resources
2025-05-08 11:31:17,337 [Worker-60: Building workspace] WARN  o.e.m.c.i.embedder.EclipseLogger - Using platform encoding (MS949 actually) to copy filtered resources, i.e. build is platform dependent!
2025-05-08 11:31:17,338 [Worker-60: Building workspace] INFO  o.e.m.c.i.embedder.EclipseLogger - skip non existing resourceDirectory D:\MSAFullstackJava\webWorkspace\web20\src\main\resources
2025-05-08 11:31:17,338 [Worker-60: Building workspace] WARN  o.e.m.c.i.embedder.EclipseLogger - Using platform encoding (MS949 actually) to copy filtered resources, i.e. build is platform dependent!
2025-05-08 11:31:17,339 [Worker-60: Building workspace] INFO  o.e.m.c.i.embedder.EclipseLogger - skip non existing resourceDirectory D:\MSAFullstackJava\webWorkspace\web20\src\test\resources
2025-05-08 11:32:32,414 [Worker-53: Building workspace] WARN  o.e.m.c.i.embedder.EclipseLogger - Using platform encoding (MS949 actually) to copy filtered resources, i.e. build is platform dependent!
2025-05-08 11:32:32,417 [Worker-53: Building workspace] INFO  o.e.m.c.i.embedder.EclipseLogger - skip non existing resourceDirectory D:\MSAFullstackJava\webWorkspace\web20\src\main\resources
2025-05-08 11:32:32,418 [Worker-53: Building workspace] WARN  o.e.m.c.i.embedder.EclipseLogger - Using platform encoding (MS949 actually) to copy filtered resources, i.e. build is platform dependent!
2025-05-08 11:32:32,426 [Worker-53: Building workspace] INFO  o.e.m.c.i.embedder.EclipseLogger - skip non existing resourceDirectory D:\MSAFullstackJava\webWorkspace\web20\src\test\resources
2025-05-08 11:32:45,639 [Worker-61: Building workspace] WARN  o.e.m.c.i.embedder.EclipseLogger - Using platform encoding (MS949 actually) to copy filtered resources, i.e. build is platform dependent!
2025-05-08 11:32:45,639 [Worker-61: Building workspace] INFO  o.e.m.c.i.embedder.EclipseLogger - skip non existing resourceDirectory D:\MSAFullstackJava\webWorkspace\web20\src\main\resources
2025-05-08 11:32:45,640 [Worker-61: Building workspace] WARN  o.e.m.c.i.embedder.EclipseLogger - Using platform encoding (MS949 actually) to copy filtered resources, i.e. build is platform dependent!
2025-05-08 11:32:45,641 [Worker-61: Building workspace] INFO  o.e.m.c.i.embedder.EclipseLogger - skip non existing resourceDirectory D:\MSAFullstackJava\webWorkspace\web20\src\test\resources
2025-05-08 11:33:27,722 [Worker-60: Building workspace] WARN  o.e.m.c.i.embedder.EclipseLogger - Using platform encoding (MS949 actually) to copy filtered resources, i.e. build is platform dependent!
2025-05-08 11:33:27,723 [Worker-60: Building workspace] INFO  o.e.m.c.i.embedder.EclipseLogger - skip non existing resourceDirectory D:\MSAFullstackJava\webWorkspace\web20\src\main\resources
2025-05-08 11:33:27,724 [Worker-60: Building workspace] WARN  o.e.m.c.i.embedder.EclipseLogger - Using platform encoding (MS949 actually) to copy filtered resources, i.e. build is platform dependent!
2025-05-08 11:33:27,724 [Worker-60: Building workspace] INFO  o.e.m.c.i.embedder.EclipseLogger - skip non existing resourceDirectory D:\MSAFullstackJava\webWorkspace\web20\src\test\resources
2025-05-08 11:33:40,674 [Worker-47: Building workspace] WARN  o.e.m.c.i.embedder.EclipseLogger - Using platform encoding (MS949 actually) to copy filtered resources, i.e. build is platform dependent!
2025-05-08 11:33:40,682 [Worker-47: Building workspace] INFO  o.e.m.c.i.embedder.EclipseLogger - skip non existing resourceDirectory D:\MSAFullstackJava\webWorkspace\web20\src\main\resources
2025-05-08 11:33:40,683 [Worker-47: Building workspace] WARN  o.e.m.c.i.embedder.EclipseLogger - Using platform encoding (MS949 actually) to copy filtered resources, i.e. build is platform dependent!
2025-05-08 11:33:40,684 [Worker-47: Building workspace] INFO  o.e.m.c.i.embedder.EclipseLogger - skip non existing resourceDirectory D:\MSAFullstackJava\webWorkspace\web20\src\test\resources
2025-05-08 11:34:15,227 [Worker-56: Building workspace] WARN  o.e.m.c.i.embedder.EclipseLogger - Using platform encoding (MS949 actually) to copy filtered resources, i.e. build is platform dependent!
2025-05-08 11:34:15,227 [Worker-56: Building workspace] INFO  o.e.m.c.i.embedder.EclipseLogger - skip non existing resourceDirectory D:\MSAFullstackJava\webWorkspace\web20\src\main\resources
2025-05-08 11:34:15,228 [Worker-56: Building workspace] WARN  o.e.m.c.i.embedder.EclipseLogger - Using platform encoding (MS949 actually) to copy filtered resources, i.e. build is platform dependent!
2025-05-08 11:34:15,228 [Worker-56: Building workspace] INFO  o.e.m.c.i.embedder.EclipseLogger - skip non existing resourceDirectory D:\MSAFullstackJava\webWorkspace\web20\src\test\resources
2025-05-08 11:34:22,126 [Worker-62: Building workspace] WARN  o.e.m.c.i.embedder.EclipseLogger - Using platform encoding (MS949 actually) to copy filtered resources, i.e. build is platform dependent!
2025-05-08 11:34:22,127 [Worker-62: Building workspace] INFO  o.e.m.c.i.embedder.EclipseLogger - skip non existing resourceDirectory D:\MSAFullstackJava\webWorkspace\web20\src\main\resources
2025-05-08 11:34:22,128 [Worker-62: Building workspace] WARN  o.e.m.c.i.embedder.EclipseLogger - Using platform encoding (MS949 actually) to copy filtered resources, i.e. build is platform dependent!
2025-05-08 11:34:22,128 [Worker-62: Building workspace] INFO  o.e.m.c.i.embedder.EclipseLogger - skip non existing resourceDirectory D:\MSAFullstackJava\webWorkspace\web20\src\test\resources
2025-05-08 11:34:57,838 [Worker-60: Building workspace] WARN  o.e.m.c.i.embedder.EclipseLogger - Using platform encoding (MS949 actually) to copy filtered resources, i.e. build is platform dependent!
2025-05-08 11:34:57,838 [Worker-60: Building workspace] INFO  o.e.m.c.i.embedder.EclipseLogger - skip non existing resourceDirectory D:\MSAFullstackJava\webWorkspace\web20\src\main\resources
2025-05-08 11:34:57,839 [Worker-60: Building workspace] WARN  o.e.m.c.i.embedder.EclipseLogger - Using platform encoding (MS949 actually) to copy filtered resources, i.e. build is platform dependent!
2025-05-08 11:34:57,840 [Worker-60: Building workspace] INFO  o.e.m.c.i.embedder.EclipseLogger - skip non existing resourceDirectory D:\MSAFullstackJava\webWorkspace\web20\src\test\resources
2025-05-08 11:35:15,326 [Worker-61: Building workspace] WARN  o.e.m.c.i.embedder.EclipseLogger - Using platform encoding (MS949 actually) to copy filtered resources, i.e. build is platform dependent!
2025-05-08 11:35:15,327 [Worker-61: Building workspace] INFO  o.e.m.c.i.embedder.EclipseLogger - skip non existing resourceDirectory D:\MSAFullstackJava\webWorkspace\web20\src\main\resources
2025-05-08 11:35:15,327 [Worker-61: Building workspace] WARN  o.e.m.c.i.embedder.EclipseLogger - Using platform encoding (MS949 actually) to copy filtered resources, i.e. build is platform dependent!
2025-05-08 11:35:15,327 [Worker-61: Building workspace] INFO  o.e.m.c.i.embedder.EclipseLogger - skip non existing resourceDirectory D:\MSAFullstackJava\webWorkspace\web20\src\test\resources
2025-05-08 11:36:50,404 [Worker-60: Building workspace] WARN  o.e.m.c.i.embedder.EclipseLogger - Using platform encoding (MS949 actually) to copy filtered resources, i.e. build is platform dependent!
2025-05-08 11:36:50,404 [Worker-60: Building workspace] INFO  o.e.m.c.i.embedder.EclipseLogger - skip non existing resourceDirectory D:\MSAFullstackJava\webWorkspace\web20\src\main\resources
2025-05-08 11:36:50,405 [Worker-60: Building workspace] WARN  o.e.m.c.i.embedder.EclipseLogger - Using platform encoding (MS949 actually) to copy filtered resources, i.e. build is platform dependent!
2025-05-08 11:36:50,406 [Worker-60: Building workspace] INFO  o.e.m.c.i.embedder.EclipseLogger - skip non existing resourceDirectory D:\MSAFullstackJava\webWorkspace\web20\src\test\resources
2025-05-08 11:36:57,804 [Worker-56: Building workspace] WARN  o.e.m.c.i.embedder.EclipseLogger - Using platform encoding (MS949 actually) to copy filtered resources, i.e. build is platform dependent!
2025-05-08 11:36:57,804 [Worker-56: Building workspace] INFO  o.e.m.c.i.embedder.EclipseLogger - skip non existing resourceDirectory D:\MSAFullstackJava\webWorkspace\web20\src\main\resources
2025-05-08 11:36:57,805 [Worker-56: Building workspace] WARN  o.e.m.c.i.embedder.EclipseLogger - Using platform encoding (MS949 actually) to copy filtered resources, i.e. build is platform dependent!
2025-05-08 11:36:57,805 [Worker-56: Building workspace] INFO  o.e.m.c.i.embedder.EclipseLogger - skip non existing resourceDirectory D:\MSAFullstackJava\webWorkspace\web20\src\test\resources
2025-05-08 11:37:28,969 [Worker-55: Building workspace] WARN  o.e.m.c.i.embedder.EclipseLogger - Using platform encoding (MS949 actually) to copy filtered resources, i.e. build is platform dependent!
2025-05-08 11:37:28,969 [Worker-55: Building workspace] INFO  o.e.m.c.i.embedder.EclipseLogger - skip non existing resourceDirectory D:\MSAFullstackJava\webWorkspace\web20\src\main\resources
2025-05-08 11:37:28,970 [Worker-55: Building workspace] WARN  o.e.m.c.i.embedder.EclipseLogger - Using platform encoding (MS949 actually) to copy filtered resources, i.e. build is platform dependent!
2025-05-08 11:37:28,971 [Worker-55: Building workspace] INFO  o.e.m.c.i.embedder.EclipseLogger - skip non existing resourceDirectory D:\MSAFullstackJava\webWorkspace\web20\src\test\resources
2025-05-08 11:37:37,966 [Worker-56: Building workspace] WARN  o.e.m.c.i.embedder.EclipseLogger - Using platform encoding (MS949 actually) to copy filtered resources, i.e. build is platform dependent!
2025-05-08 11:37:37,967 [Worker-56: Building workspace] INFO  o.e.m.c.i.embedder.EclipseLogger - skip non existing resourceDirectory D:\MSAFullstackJava\webWorkspace\web20\src\main\resources
2025-05-08 11:37:37,967 [Worker-56: Building workspace] WARN  o.e.m.c.i.embedder.EclipseLogger - Using platform encoding (MS949 actually) to copy filtered resources, i.e. build is platform dependent!
2025-05-08 11:37:37,968 [Worker-56: Building workspace] INFO  o.e.m.c.i.embedder.EclipseLogger - skip non existing resourceDirectory D:\MSAFullstackJava\webWorkspace\web20\src\test\resources
2025-05-08 11:37:44,598 [Worker-60: Building workspace] WARN  o.e.m.c.i.embedder.EclipseLogger - Using platform encoding (MS949 actually) to copy filtered resources, i.e. build is platform dependent!
2025-05-08 11:37:44,598 [Worker-60: Building workspace] INFO  o.e.m.c.i.embedder.EclipseLogger - skip non existing resourceDirectory D:\MSAFullstackJava\webWorkspace\web20\src\main\resources
2025-05-08 11:37:44,599 [Worker-60: Building workspace] WARN  o.e.m.c.i.embedder.EclipseLogger - Using platform encoding (MS949 actually) to copy filtered resources, i.e. build is platform dependent!
2025-05-08 11:37:44,600 [Worker-60: Building workspace] INFO  o.e.m.c.i.embedder.EclipseLogger - skip non existing resourceDirectory D:\MSAFullstackJava\webWorkspace\web20\src\test\resources
2025-05-08 11:37:53,873 [Worker-63: Building workspace] WARN  o.e.m.c.i.embedder.EclipseLogger - Using platform encoding (MS949 actually) to copy filtered resources, i.e. build is platform dependent!
2025-05-08 11:37:53,874 [Worker-63: Building workspace] INFO  o.e.m.c.i.embedder.EclipseLogger - skip non existing resourceDirectory D:\MSAFullstackJava\webWorkspace\web20\src\main\resources
2025-05-08 11:37:53,874 [Worker-63: Building workspace] WARN  o.e.m.c.i.embedder.EclipseLogger - Using platform encoding (MS949 actually) to copy filtered resources, i.e. build is platform dependent!
2025-05-08 11:37:53,875 [Worker-63: Building workspace] INFO  o.e.m.c.i.embedder.EclipseLogger - skip non existing resourceDirectory D:\MSAFullstackJava\webWorkspace\web20\src\test\resources
2025-05-08 11:38:14,289 [Worker-64: Building workspace] WARN  o.e.m.c.i.embedder.EclipseLogger - Using platform encoding (MS949 actually) to copy filtered resources, i.e. build is platform dependent!
2025-05-08 11:38:14,290 [Worker-64: Building workspace] INFO  o.e.m.c.i.embedder.EclipseLogger - skip non existing resourceDirectory D:\MSAFullstackJava\webWorkspace\web20\src\main\resources
2025-05-08 11:38:14,291 [Worker-64: Building workspace] WARN  o.e.m.c.i.embedder.EclipseLogger - Using platform encoding (MS949 actually) to copy filtered resources, i.e. build is platform dependent!
2025-05-08 11:38:14,291 [Worker-64: Building workspace] INFO  o.e.m.c.i.embedder.EclipseLogger - skip non existing resourceDirectory D:\MSAFullstackJava\webWorkspace\web20\src\test\resources
2025-05-08 11:39:08,132 [Worker-63: Building workspace] WARN  o.e.m.c.i.embedder.EclipseLogger - Using platform encoding (MS949 actually) to copy filtered resources, i.e. build is platform dependent!
2025-05-08 11:39:08,133 [Worker-63: Building workspace] INFO  o.e.m.c.i.embedder.EclipseLogger - skip non existing resourceDirectory D:\MSAFullstackJava\webWorkspace\web20\src\main\resources
2025-05-08 11:39:08,134 [Worker-63: Building workspace] WARN  o.e.m.c.i.embedder.EclipseLogger - Using platform encoding (MS949 actually) to copy filtered resources, i.e. build is platform dependent!
2025-05-08 11:39:08,134 [Worker-63: Building workspace] INFO  o.e.m.c.i.embedder.EclipseLogger - skip non existing resourceDirectory D:\MSAFullstackJava\webWorkspace\web20\src\test\resources
2025-05-08 11:39:23,827 [Worker-63: Building workspace] WARN  o.e.m.c.i.embedder.EclipseLogger - Using platform encoding (MS949 actually) to copy filtered resources, i.e. build is platform dependent!
2025-05-08 11:39:23,828 [Worker-63: Building workspace] INFO  o.e.m.c.i.embedder.EclipseLogger - skip non existing resourceDirectory D:\MSAFullstackJava\webWorkspace\web20\src\main\resources
2025-05-08 11:39:23,829 [Worker-63: Building workspace] WARN  o.e.m.c.i.embedder.EclipseLogger - Using platform encoding (MS949 actually) to copy filtered resources, i.e. build is platform dependent!
2025-05-08 11:39:23,829 [Worker-63: Building workspace] INFO  o.e.m.c.i.embedder.EclipseLogger - skip non existing resourceDirectory D:\MSAFullstackJava\webWorkspace\web20\src\test\resources
2025-05-08 11:39:54,995 [Worker-60: Building workspace] WARN  o.e.m.c.i.embedder.EclipseLogger - Using platform encoding (MS949 actually) to copy filtered resources, i.e. build is platform dependent!
2025-05-08 11:39:54,996 [Worker-60: Building workspace] INFO  o.e.m.c.i.embedder.EclipseLogger - skip non existing resourceDirectory D:\MSAFullstackJava\webWorkspace\web20\src\main\resources
2025-05-08 11:39:54,996 [Worker-60: Building workspace] WARN  o.e.m.c.i.embedder.EclipseLogger - Using platform encoding (MS949 actually) to copy filtered resources, i.e. build is platform dependent!
2025-05-08 11:39:54,997 [Worker-60: Building workspace] INFO  o.e.m.c.i.embedder.EclipseLogger - skip non existing resourceDirectory D:\MSAFullstackJava\webWorkspace\web20\src\test\resources
2025-05-08 11:41:00,014 [Worker-63: Building workspace] WARN  o.e.m.c.i.embedder.EclipseLogger - Using platform encoding (MS949 actually) to copy filtered resources, i.e. build is platform dependent!
2025-05-08 11:41:00,015 [Worker-63: Building workspace] INFO  o.e.m.c.i.embedder.EclipseLogger - skip non existing resourceDirectory D:\MSAFullstackJava\webWorkspace\web20\src\main\resources
2025-05-08 11:41:00,016 [Worker-63: Building workspace] WARN  o.e.m.c.i.embedder.EclipseLogger - Using platform encoding (MS949 actually) to copy filtered resources, i.e. build is platform dependent!
2025-05-08 11:41:00,017 [Worker-63: Building workspace] INFO  o.e.m.c.i.embedder.EclipseLogger - skip non existing resourceDirectory D:\MSAFullstackJava\webWorkspace\web20\src\test\resources
2025-05-08 11:41:25,440 [Worker-56: Building workspace] WARN  o.e.m.c.i.embedder.EclipseLogger - Using platform encoding (MS949 actually) to copy filtered resources, i.e. build is platform dependent!
2025-05-08 11:41:25,440 [Worker-56: Building workspace] INFO  o.e.m.c.i.embedder.EclipseLogger - skip non existing resourceDirectory D:\MSAFullstackJava\webWorkspace\web20\src\main\resources
2025-05-08 11:41:25,441 [Worker-56: Building workspace] WARN  o.e.m.c.i.embedder.EclipseLogger - Using platform encoding (MS949 actually) to copy filtered resources, i.e. build is platform dependent!
2025-05-08 11:41:25,441 [Worker-56: Building workspace] INFO  o.e.m.c.i.embedder.EclipseLogger - skip non existing resourceDirectory D:\MSAFullstackJava\webWorkspace\web20\src\test\resources
2025-05-08 11:42:14,958 [Worker-64: Building workspace] WARN  o.e.m.c.i.embedder.EclipseLogger - Using platform encoding (MS949 actually) to copy filtered resources, i.e. build is platform dependent!
2025-05-08 11:42:14,959 [Worker-64: Building workspace] INFO  o.e.m.c.i.embedder.EclipseLogger - skip non existing resourceDirectory D:\MSAFullstackJava\webWorkspace\web20\src\main\resources
2025-05-08 11:42:14,959 [Worker-64: Building workspace] WARN  o.e.m.c.i.embedder.EclipseLogger - Using platform encoding (MS949 actually) to copy filtered resources, i.e. build is platform dependent!
2025-05-08 11:42:14,960 [Worker-64: Building workspace] INFO  o.e.m.c.i.embedder.EclipseLogger - skip non existing resourceDirectory D:\MSAFullstackJava\webWorkspace\web20\src\test\resources
2025-05-08 11:42:50,852 [Worker-55: Building workspace] WARN  o.e.m.c.i.embedder.EclipseLogger - Using platform encoding (MS949 actually) to copy filtered resources, i.e. build is platform dependent!
2025-05-08 11:42:50,853 [Worker-55: Building workspace] INFO  o.e.m.c.i.embedder.EclipseLogger - skip non existing resourceDirectory D:\MSAFullstackJava\webWorkspace\web20\src\main\resources
2025-05-08 11:42:50,853 [Worker-55: Building workspace] WARN  o.e.m.c.i.embedder.EclipseLogger - Using platform encoding (MS949 actually) to copy filtered resources, i.e. build is platform dependent!
2025-05-08 11:42:50,854 [Worker-55: Building workspace] INFO  o.e.m.c.i.embedder.EclipseLogger - skip non existing resourceDirectory D:\MSAFullstackJava\webWorkspace\web20\src\test\resources
2025-05-08 11:42:54,523 [Worker-53: Building workspace] WARN  o.e.m.c.i.embedder.EclipseLogger - Using platform encoding (MS949 actually) to copy filtered resources, i.e. build is platform dependent!
2025-05-08 11:42:54,524 [Worker-53: Building workspace] INFO  o.e.m.c.i.embedder.EclipseLogger - skip non existing resourceDirectory D:\MSAFullstackJava\webWorkspace\web20\src\main\resources
2025-05-08 11:42:54,524 [Worker-53: Building workspace] WARN  o.e.m.c.i.embedder.EclipseLogger - Using platform encoding (MS949 actually) to copy filtered resources, i.e. build is platform dependent!
2025-05-08 11:42:54,525 [Worker-53: Building workspace] INFO  o.e.m.c.i.embedder.EclipseLogger - skip non existing resourceDirectory D:\MSAFullstackJava\webWorkspace\web20\src\test\resources
2025-05-08 11:43:33,642 [Worker-63: Building workspace] WARN  o.e.m.c.i.embedder.EclipseLogger - Using platform encoding (MS949 actually) to copy filtered resources, i.e. build is platform dependent!
2025-05-08 11:43:33,643 [Worker-63: Building workspace] INFO  o.e.m.c.i.embedder.EclipseLogger - skip non existing resourceDirectory D:\MSAFullstackJava\webWorkspace\web20\src\main\resources
2025-05-08 11:43:33,643 [Worker-63: Building workspace] WARN  o.e.m.c.i.embedder.EclipseLogger - Using platform encoding (MS949 actually) to copy filtered resources, i.e. build is platform dependent!
2025-05-08 11:43:33,644 [Worker-63: Building workspace] INFO  o.e.m.c.i.embedder.EclipseLogger - skip non existing resourceDirectory D:\MSAFullstackJava\webWorkspace\web20\src\test\resources
2025-05-08 11:43:59,849 [Worker-53: Building workspace] WARN  o.e.m.c.i.embedder.EclipseLogger - Using platform encoding (MS949 actually) to copy filtered resources, i.e. build is platform dependent!
2025-05-08 11:43:59,849 [Worker-53: Building workspace] INFO  o.e.m.c.i.embedder.EclipseLogger - skip non existing resourceDirectory D:\MSAFullstackJava\webWorkspace\web20\src\main\resources
2025-05-08 11:43:59,850 [Worker-53: Building workspace] WARN  o.e.m.c.i.embedder.EclipseLogger - Using platform encoding (MS949 actually) to copy filtered resources, i.e. build is platform dependent!
2025-05-08 11:43:59,851 [Worker-53: Building workspace] INFO  o.e.m.c.i.embedder.EclipseLogger - skip non existing resourceDirectory D:\MSAFullstackJava\webWorkspace\web20\src\test\resources
2025-05-08 11:45:28,161 [Worker-63: Building workspace] WARN  o.e.m.c.i.embedder.EclipseLogger - Using platform encoding (MS949 actually) to copy filtered resources, i.e. build is platform dependent!
2025-05-08 11:45:28,162 [Worker-63: Building workspace] INFO  o.e.m.c.i.embedder.EclipseLogger - skip non existing resourceDirectory D:\MSAFullstackJava\webWorkspace\web20\src\main\resources
2025-05-08 11:45:28,163 [Worker-63: Building workspace] WARN  o.e.m.c.i.embedder.EclipseLogger - Using platform encoding (MS949 actually) to copy filtered resources, i.e. build is platform dependent!
2025-05-08 11:45:28,163 [Worker-63: Building workspace] INFO  o.e.m.c.i.embedder.EclipseLogger - skip non existing resourceDirectory D:\MSAFullstackJava\webWorkspace\web20\src\test\resources
2025-05-08 11:46:54,744 [Worker-53: Building workspace] WARN  o.e.m.c.i.embedder.EclipseLogger - Using platform encoding (MS949 actually) to copy filtered resources, i.e. build is platform dependent!
2025-05-08 11:46:54,746 [Worker-53: Building workspace] INFO  o.e.m.c.i.embedder.EclipseLogger - skip non existing resourceDirectory D:\MSAFullstackJava\webWorkspace\web20\src\main\resources
2025-05-08 11:46:54,746 [Worker-53: Building workspace] WARN  o.e.m.c.i.embedder.EclipseLogger - Using platform encoding (MS949 actually) to copy filtered resources, i.e. build is platform dependent!
2025-05-08 11:46:54,747 [Worker-53: Building workspace] INFO  o.e.m.c.i.embedder.EclipseLogger - skip non existing resourceDirectory D:\MSAFullstackJava\webWorkspace\web20\src\test\resources
2025-05-08 11:49:17,408 [Worker-55: Building workspace] WARN  o.e.m.c.i.embedder.EclipseLogger - Using platform encoding (MS949 actually) to copy filtered resources, i.e. build is platform dependent!
2025-05-08 11:49:17,409 [Worker-55: Building workspace] INFO  o.e.m.c.i.embedder.EclipseLogger - skip non existing resourceDirectory D:\MSAFullstackJava\webWorkspace\web20\src\main\resources
2025-05-08 11:49:17,409 [Worker-55: Building workspace] WARN  o.e.m.c.i.embedder.EclipseLogger - Using platform encoding (MS949 actually) to copy filtered resources, i.e. build is platform dependent!
2025-05-08 11:49:17,410 [Worker-55: Building workspace] INFO  o.e.m.c.i.embedder.EclipseLogger - skip non existing resourceDirectory D:\MSAFullstackJava\webWorkspace\web20\src\test\resources
2025-05-08 11:50:24,118 [Worker-60: Building workspace] WARN  o.e.m.c.i.embedder.EclipseLogger - Using platform encoding (MS949 actually) to copy filtered resources, i.e. build is platform dependent!
2025-05-08 11:50:24,119 [Worker-60: Building workspace] INFO  o.e.m.c.i.embedder.EclipseLogger - skip non existing resourceDirectory D:\MSAFullstackJava\webWorkspace\web20\src\main\resources
2025-05-08 11:50:24,120 [Worker-60: Building workspace] WARN  o.e.m.c.i.embedder.EclipseLogger - Using platform encoding (MS949 actually) to copy filtered resources, i.e. build is platform dependent!
2025-05-08 11:50:24,120 [Worker-60: Building workspace] INFO  o.e.m.c.i.embedder.EclipseLogger - skip non existing resourceDirectory D:\MSAFullstackJava\webWorkspace\web20\src\test\resources
2025-05-08 11:51:03,369 [Worker-60: Building workspace] WARN  o.e.m.c.i.embedder.EclipseLogger - Using platform encoding (MS949 actually) to copy filtered resources, i.e. build is platform dependent!
2025-05-08 11:51:03,369 [Worker-60: Building workspace] INFO  o.e.m.c.i.embedder.EclipseLogger - skip non existing resourceDirectory D:\MSAFullstackJava\webWorkspace\web20\src\main\resources
2025-05-08 11:51:03,370 [Worker-60: Building workspace] WARN  o.e.m.c.i.embedder.EclipseLogger - Using platform encoding (MS949 actually) to copy filtered resources, i.e. build is platform dependent!
2025-05-08 11:51:03,370 [Worker-60: Building workspace] INFO  o.e.m.c.i.embedder.EclipseLogger - skip non existing resourceDirectory D:\MSAFullstackJava\webWorkspace\web20\src\test\resources
2025-05-08 11:51:23,299 [Worker-65: Building workspace] WARN  o.e.m.c.i.embedder.EclipseLogger - Using platform encoding (MS949 actually) to copy filtered resources, i.e. build is platform dependent!
2025-05-08 11:51:23,299 [Worker-65: Building workspace] INFO  o.e.m.c.i.embedder.EclipseLogger - skip non existing resourceDirectory D:\MSAFullstackJava\webWorkspace\web20\src\main\resources
2025-05-08 11:51:23,300 [Worker-65: Building workspace] WARN  o.e.m.c.i.embedder.EclipseLogger - Using platform encoding (MS949 actually) to copy filtered resources, i.e. build is platform dependent!
2025-05-08 11:51:23,300 [Worker-65: Building workspace] INFO  o.e.m.c.i.embedder.EclipseLogger - skip non existing resourceDirectory D:\MSAFullstackJava\webWorkspace\web20\src\test\resources
2025-05-08 11:51:30,579 [Worker-53: Building workspace] WARN  o.e.m.c.i.embedder.EclipseLogger - Using platform encoding (MS949 actually) to copy filtered resources, i.e. build is platform dependent!
2025-05-08 11:51:30,580 [Worker-53: Building workspace] INFO  o.e.m.c.i.embedder.EclipseLogger - skip non existing resourceDirectory D:\MSAFullstackJava\webWorkspace\web20\src\main\resources
2025-05-08 11:51:30,580 [Worker-53: Building workspace] WARN  o.e.m.c.i.embedder.EclipseLogger - Using platform encoding (MS949 actually) to copy filtered resources, i.e. build is platform dependent!
2025-05-08 11:51:30,581 [Worker-53: Building workspace] INFO  o.e.m.c.i.embedder.EclipseLogger - skip non existing resourceDirectory D:\MSAFullstackJava\webWorkspace\web20\src\test\resources
2025-05-08 11:51:38,372 [Worker-53: Building workspace] WARN  o.e.m.c.i.embedder.EclipseLogger - Using platform encoding (MS949 actually) to copy filtered resources, i.e. build is platform dependent!
2025-05-08 11:51:38,373 [Worker-53: Building workspace] INFO  o.e.m.c.i.embedder.EclipseLogger - skip non existing resourceDirectory D:\MSAFullstackJava\webWorkspace\web20\src\main\resources
2025-05-08 11:51:38,373 [Worker-53: Building workspace] WARN  o.e.m.c.i.embedder.EclipseLogger - Using platform encoding (MS949 actually) to copy filtered resources, i.e. build is platform dependent!
2025-05-08 11:51:38,374 [Worker-53: Building workspace] INFO  o.e.m.c.i.embedder.EclipseLogger - skip non existing resourceDirectory D:\MSAFullstackJava\webWorkspace\web20\src\test\resources
2025-05-08 11:51:58,585 [Worker-60: Building workspace] WARN  o.e.m.c.i.embedder.EclipseLogger - Using platform encoding (MS949 actually) to copy filtered resources, i.e. build is platform dependent!
2025-05-08 11:51:58,585 [Worker-60: Building workspace] INFO  o.e.m.c.i.embedder.EclipseLogger - skip non existing resourceDirectory D:\MSAFullstackJava\webWorkspace\web20\src\main\resources
2025-05-08 11:51:58,586 [Worker-60: Building workspace] WARN  o.e.m.c.i.embedder.EclipseLogger - Using platform encoding (MS949 actually) to copy filtered resources, i.e. build is platform dependent!
2025-05-08 11:51:58,586 [Worker-60: Building workspace] INFO  o.e.m.c.i.embedder.EclipseLogger - skip non existing resourceDirectory D:\MSAFullstackJava\webWorkspace\web20\src\test\resources
2025-05-08 11:54:03,097 [Worker-60: Building workspace] WARN  o.e.m.c.i.embedder.EclipseLogger - Using platform encoding (MS949 actually) to copy filtered resources, i.e. build is platform dependent!
2025-05-08 11:54:03,098 [Worker-60: Building workspace] INFO  o.e.m.c.i.embedder.EclipseLogger - skip non existing resourceDirectory D:\MSAFullstackJava\webWorkspace\web20\src\main\resources
2025-05-08 11:54:03,099 [Worker-60: Building workspace] WARN  o.e.m.c.i.embedder.EclipseLogger - Using platform encoding (MS949 actually) to copy filtered resources, i.e. build is platform dependent!
2025-05-08 11:54:03,100 [Worker-60: Building workspace] INFO  o.e.m.c.i.embedder.EclipseLogger - skip non existing resourceDirectory D:\MSAFullstackJava\webWorkspace\web20\src\test\resources
2025-05-08 11:56:17,909 [Worker-56: Building workspace] WARN  o.e.m.c.i.embedder.EclipseLogger - Using platform encoding (MS949 actually) to copy filtered resources, i.e. build is platform dependent!
2025-05-08 11:56:17,910 [Worker-56: Building workspace] INFO  o.e.m.c.i.embedder.EclipseLogger - skip non existing resourceDirectory D:\MSAFullstackJava\webWorkspace\web20\src\main\resources
2025-05-08 11:56:17,910 [Worker-56: Building workspace] WARN  o.e.m.c.i.embedder.EclipseLogger - Using platform encoding (MS949 actually) to copy filtered resources, i.e. build is platform dependent!
2025-05-08 11:56:17,910 [Worker-56: Building workspace] INFO  o.e.m.c.i.embedder.EclipseLogger - skip non existing resourceDirectory D:\MSAFullstackJava\webWorkspace\web20\src\test\resources
2025-05-08 11:56:40,723 [Worker-53: Building workspace] WARN  o.e.m.c.i.embedder.EclipseLogger - Using platform encoding (MS949 actually) to copy filtered resources, i.e. build is platform dependent!
2025-05-08 11:56:40,724 [Worker-53: Building workspace] INFO  o.e.m.c.i.embedder.EclipseLogger - skip non existing resourceDirectory D:\MSAFullstackJava\webWorkspace\web20\src\main\resources
2025-05-08 11:56:40,724 [Worker-53: Building workspace] WARN  o.e.m.c.i.embedder.EclipseLogger - Using platform encoding (MS949 actually) to copy filtered resources, i.e. build is platform dependent!
2025-05-08 11:56:40,725 [Worker-53: Building workspace] INFO  o.e.m.c.i.embedder.EclipseLogger - skip non existing resourceDirectory D:\MSAFullstackJava\webWorkspace\web20\src\test\resources
2025-05-08 11:58:18,899 [Worker-60: Building workspace] WARN  o.e.m.c.i.embedder.EclipseLogger - Using platform encoding (MS949 actually) to copy filtered resources, i.e. build is platform dependent!
2025-05-08 11:58:18,899 [Worker-60: Building workspace] INFO  o.e.m.c.i.embedder.EclipseLogger - skip non existing resourceDirectory D:\MSAFullstackJava\webWorkspace\web20\src\main\resources
2025-05-08 11:58:18,900 [Worker-60: Building workspace] WARN  o.e.m.c.i.embedder.EclipseLogger - Using platform encoding (MS949 actually) to copy filtered resources, i.e. build is platform dependent!
2025-05-08 11:58:18,901 [Worker-60: Building workspace] INFO  o.e.m.c.i.embedder.EclipseLogger - skip non existing resourceDirectory D:\MSAFullstackJava\webWorkspace\web20\src\test\resources
2025-05-08 11:59:38,438 [Worker-60: Building workspace] WARN  o.e.m.c.i.embedder.EclipseLogger - Using platform encoding (MS949 actually) to copy filtered resources, i.e. build is platform dependent!
2025-05-08 11:59:38,439 [Worker-60: Building workspace] INFO  o.e.m.c.i.embedder.EclipseLogger - skip non existing resourceDirectory D:\MSAFullstackJava\webWorkspace\web20\src\main\resources
2025-05-08 11:59:38,439 [Worker-60: Building workspace] WARN  o.e.m.c.i.embedder.EclipseLogger - Using platform encoding (MS949 actually) to copy filtered resources, i.e. build is platform dependent!
2025-05-08 11:59:38,440 [Worker-60: Building workspace] INFO  o.e.m.c.i.embedder.EclipseLogger - skip non existing resourceDirectory D:\MSAFullstackJava\webWorkspace\web20\src\test\resources
2025-05-08 11:59:59,122 [Worker-63: Building workspace] WARN  o.e.m.c.i.embedder.EclipseLogger - Using platform encoding (MS949 actually) to copy filtered resources, i.e. build is platform dependent!
2025-05-08 11:59:59,123 [Worker-63: Building workspace] INFO  o.e.m.c.i.embedder.EclipseLogger - skip non existing resourceDirectory D:\MSAFullstackJava\webWorkspace\web20\src\main\resources
2025-05-08 11:59:59,123 [Worker-63: Building workspace] WARN  o.e.m.c.i.embedder.EclipseLogger - Using platform encoding (MS949 actually) to copy filtered resources, i.e. build is platform dependent!
2025-05-08 11:59:59,124 [Worker-63: Building workspace] INFO  o.e.m.c.i.embedder.EclipseLogger - skip non existing resourceDirectory D:\MSAFullstackJava\webWorkspace\web20\src\test\resources
2025-05-08 12:00:52,821 [Worker-66: Building workspace] WARN  o.e.m.c.i.embedder.EclipseLogger - Using platform encoding (MS949 actually) to copy filtered resources, i.e. build is platform dependent!
2025-05-08 12:00:52,821 [Worker-66: Building workspace] INFO  o.e.m.c.i.embedder.EclipseLogger - skip non existing resourceDirectory D:\MSAFullstackJava\webWorkspace\web20\src\main\resources
2025-05-08 12:00:52,822 [Worker-66: Building workspace] WARN  o.e.m.c.i.embedder.EclipseLogger - Using platform encoding (MS949 actually) to copy filtered resources, i.e. build is platform dependent!
2025-05-08 12:00:52,822 [Worker-66: Building workspace] INFO  o.e.m.c.i.embedder.EclipseLogger - skip non existing resourceDirectory D:\MSAFullstackJava\webWorkspace\web20\src\test\resources
2025-05-08 12:02:56,693 [Worker-66: Building workspace] WARN  o.e.m.c.i.embedder.EclipseLogger - Using platform encoding (MS949 actually) to copy filtered resources, i.e. build is platform dependent!
2025-05-08 12:02:56,694 [Worker-66: Building workspace] INFO  o.e.m.c.i.embedder.EclipseLogger - skip non existing resourceDirectory D:\MSAFullstackJava\webWorkspace\web20\src\main\resources
2025-05-08 12:02:56,695 [Worker-66: Building workspace] WARN  o.e.m.c.i.embedder.EclipseLogger - Using platform encoding (MS949 actually) to copy filtered resources, i.e. build is platform dependent!
2025-05-08 12:02:56,695 [Worker-66: Building workspace] INFO  o.e.m.c.i.embedder.EclipseLogger - skip non existing resourceDirectory D:\MSAFullstackJava\webWorkspace\web20\src\test\resources
2025-05-08 12:03:44,401 [Worker-68: Building workspace] WARN  o.e.m.c.i.embedder.EclipseLogger - Using platform encoding (MS949 actually) to copy filtered resources, i.e. build is platform dependent!
2025-05-08 12:03:44,402 [Worker-68: Building workspace] INFO  o.e.m.c.i.embedder.EclipseLogger - skip non existing resourceDirectory D:\MSAFullstackJava\webWorkspace\web20\src\main\resources
2025-05-08 12:03:44,402 [Worker-68: Building workspace] WARN  o.e.m.c.i.embedder.EclipseLogger - Using platform encoding (MS949 actually) to copy filtered resources, i.e. build is platform dependent!
2025-05-08 12:03:44,403 [Worker-68: Building workspace] INFO  o.e.m.c.i.embedder.EclipseLogger - skip non existing resourceDirectory D:\MSAFullstackJava\webWorkspace\web20\src\test\resources
2025-05-08 12:04:00,382 [Worker-65: Building workspace] WARN  o.e.m.c.i.embedder.EclipseLogger - Using platform encoding (MS949 actually) to copy filtered resources, i.e. build is platform dependent!
2025-05-08 12:04:00,383 [Worker-65: Building workspace] INFO  o.e.m.c.i.embedder.EclipseLogger - skip non existing resourceDirectory D:\MSAFullstackJava\webWorkspace\web20\src\main\resources
2025-05-08 12:04:00,383 [Worker-65: Building workspace] WARN  o.e.m.c.i.embedder.EclipseLogger - Using platform encoding (MS949 actually) to copy filtered resources, i.e. build is platform dependent!
2025-05-08 12:04:00,384 [Worker-65: Building workspace] INFO  o.e.m.c.i.embedder.EclipseLogger - skip non existing resourceDirectory D:\MSAFullstackJava\webWorkspace\web20\src\test\resources
2025-05-08 12:04:25,066 [Worker-62: Building workspace] WARN  o.e.m.c.i.embedder.EclipseLogger - Using platform encoding (MS949 actually) to copy filtered resources, i.e. build is platform dependent!
2025-05-08 12:04:25,067 [Worker-62: Building workspace] INFO  o.e.m.c.i.embedder.EclipseLogger - skip non existing resourceDirectory D:\MSAFullstackJava\webWorkspace\web20\src\main\resources
2025-05-08 12:04:25,067 [Worker-62: Building workspace] WARN  o.e.m.c.i.embedder.EclipseLogger - Using platform encoding (MS949 actually) to copy filtered resources, i.e. build is platform dependent!
2025-05-08 12:04:25,068 [Worker-62: Building workspace] INFO  o.e.m.c.i.embedder.EclipseLogger - skip non existing resourceDirectory D:\MSAFullstackJava\webWorkspace\web20\src\test\resources
2025-05-08 12:04:36,798 [Worker-68: Building workspace] WARN  o.e.m.c.i.embedder.EclipseLogger - Using platform encoding (MS949 actually) to copy filtered resources, i.e. build is platform dependent!
2025-05-08 12:04:36,799 [Worker-68: Building workspace] INFO  o.e.m.c.i.embedder.EclipseLogger - skip non existing resourceDirectory D:\MSAFullstackJava\webWorkspace\web20\src\main\resources
2025-05-08 12:04:36,799 [Worker-68: Building workspace] WARN  o.e.m.c.i.embedder.EclipseLogger - Using platform encoding (MS949 actually) to copy filtered resources, i.e. build is platform dependent!
2025-05-08 12:04:36,800 [Worker-68: Building workspace] INFO  o.e.m.c.i.embedder.EclipseLogger - skip non existing resourceDirectory D:\MSAFullstackJava\webWorkspace\web20\src\test\resources
2025-05-08 12:16:53,575 [Worker-63: Building workspace] WARN  o.e.m.c.i.embedder.EclipseLogger - Using platform encoding (MS949 actually) to copy filtered resources, i.e. build is platform dependent!
2025-05-08 12:16:53,576 [Worker-63: Building workspace] INFO  o.e.m.c.i.embedder.EclipseLogger - skip non existing resourceDirectory D:\MSAFullstackJava\webWorkspace\web20\src\main\resources
2025-05-08 12:16:53,577 [Worker-63: Building workspace] WARN  o.e.m.c.i.embedder.EclipseLogger - Using platform encoding (MS949 actually) to copy filtered resources, i.e. build is platform dependent!
2025-05-08 12:16:53,589 [Worker-63: Building workspace] INFO  o.e.m.c.i.embedder.EclipseLogger - skip non existing resourceDirectory D:\MSAFullstackJava\webWorkspace\web20\src\test\resources
2025-05-08 12:17:04,680 [Worker-69: Building workspace] WARN  o.e.m.c.i.embedder.EclipseLogger - Using platform encoding (MS949 actually) to copy filtered resources, i.e. build is platform dependent!
2025-05-08 12:17:04,681 [Worker-69: Building workspace] INFO  o.e.m.c.i.embedder.EclipseLogger - skip non existing resourceDirectory D:\MSAFullstackJava\webWorkspace\web20\src\main\resources
2025-05-08 12:17:04,682 [Worker-69: Building workspace] WARN  o.e.m.c.i.embedder.EclipseLogger - Using platform encoding (MS949 actually) to copy filtered resources, i.e. build is platform dependent!
2025-05-08 12:17:04,682 [Worker-69: Building workspace] INFO  o.e.m.c.i.embedder.EclipseLogger - skip non existing resourceDirectory D:\MSAFullstackJava\webWorkspace\web20\src\test\resources
2025-05-08 12:17:47,782 [Worker-62: Building workspace] WARN  o.e.m.c.i.embedder.EclipseLogger - Using platform encoding (MS949 actually) to copy filtered resources, i.e. build is platform dependent!
2025-05-08 12:17:47,782 [Worker-62: Building workspace] INFO  o.e.m.c.i.embedder.EclipseLogger - skip non existing resourceDirectory D:\MSAFullstackJava\webWorkspace\web20\src\main\resources
2025-05-08 12:17:47,783 [Worker-62: Building workspace] WARN  o.e.m.c.i.embedder.EclipseLogger - Using platform encoding (MS949 actually) to copy filtered resources, i.e. build is platform dependent!
2025-05-08 12:17:47,783 [Worker-62: Building workspace] INFO  o.e.m.c.i.embedder.EclipseLogger - skip non existing resourceDirectory D:\MSAFullstackJava\webWorkspace\web20\src\test\resources
2025-05-08 12:18:09,299 [Worker-66: Building workspace] WARN  o.e.m.c.i.embedder.EclipseLogger - Using platform encoding (MS949 actually) to copy filtered resources, i.e. build is platform dependent!
2025-05-08 12:18:09,300 [Worker-66: Building workspace] INFO  o.e.m.c.i.embedder.EclipseLogger - skip non existing resourceDirectory D:\MSAFullstackJava\webWorkspace\web20\src\main\resources
2025-05-08 12:18:09,300 [Worker-66: Building workspace] WARN  o.e.m.c.i.embedder.EclipseLogger - Using platform encoding (MS949 actually) to copy filtered resources, i.e. build is platform dependent!
2025-05-08 12:18:09,301 [Worker-66: Building workspace] INFO  o.e.m.c.i.embedder.EclipseLogger - skip non existing resourceDirectory D:\MSAFullstackJava\webWorkspace\web20\src\test\resources
2025-05-08 12:19:40,183 [Worker-69: Building workspace] WARN  o.e.m.c.i.embedder.EclipseLogger - Using platform encoding (MS949 actually) to copy filtered resources, i.e. build is platform dependent!
2025-05-08 12:19:40,184 [Worker-69: Building workspace] INFO  o.e.m.c.i.embedder.EclipseLogger - skip non existing resourceDirectory D:\MSAFullstackJava\webWorkspace\web20\src\main\resources
2025-05-08 12:19:40,185 [Worker-69: Building workspace] WARN  o.e.m.c.i.embedder.EclipseLogger - Using platform encoding (MS949 actually) to copy filtered resources, i.e. build is platform dependent!
2025-05-08 12:19:40,186 [Worker-69: Building workspace] INFO  o.e.m.c.i.embedder.EclipseLogger - skip non existing resourceDirectory D:\MSAFullstackJava\webWorkspace\web20\src\test\resources
2025-05-08 12:20:23,139 [Worker-71: Building workspace] WARN  o.e.m.c.i.embedder.EclipseLogger - Using platform encoding (MS949 actually) to copy filtered resources, i.e. build is platform dependent!
2025-05-08 12:20:23,140 [Worker-71: Building workspace] INFO  o.e.m.c.i.embedder.EclipseLogger - skip non existing resourceDirectory D:\MSAFullstackJava\webWorkspace\web20\src\main\resources
2025-05-08 12:20:23,140 [Worker-71: Building workspace] WARN  o.e.m.c.i.embedder.EclipseLogger - Using platform encoding (MS949 actually) to copy filtered resources, i.e. build is platform dependent!
2025-05-08 12:20:23,141 [Worker-71: Building workspace] INFO  o.e.m.c.i.embedder.EclipseLogger - skip non existing resourceDirectory D:\MSAFullstackJava\webWorkspace\web20\src\test\resources
2025-05-08 12:28:10,102 [Worker-73: Building workspace] WARN  o.e.m.c.i.embedder.EclipseLogger - Using platform encoding (MS949 actually) to copy filtered resources, i.e. build is platform dependent!
2025-05-08 12:28:10,103 [Worker-73: Building workspace] INFO  o.e.m.c.i.embedder.EclipseLogger - skip non existing resourceDirectory D:\MSAFullstackJava\webWorkspace\web20\src\main\resources
2025-05-08 12:28:10,103 [Worker-73: Building workspace] WARN  o.e.m.c.i.embedder.EclipseLogger - Using platform encoding (MS949 actually) to copy filtered resources, i.e. build is platform dependent!
2025-05-08 12:28:10,104 [Worker-73: Building workspace] INFO  o.e.m.c.i.embedder.EclipseLogger - skip non existing resourceDirectory D:\MSAFullstackJava\webWorkspace\web20\src\test\resources
2025-05-08 12:29:13,567 [Worker-73: Building workspace] WARN  o.e.m.c.i.embedder.EclipseLogger - Using platform encoding (MS949 actually) to copy filtered resources, i.e. build is platform dependent!
2025-05-08 12:29:13,567 [Worker-73: Building workspace] INFO  o.e.m.c.i.embedder.EclipseLogger - skip non existing resourceDirectory D:\MSAFullstackJava\webWorkspace\web20\src\main\resources
2025-05-08 12:29:13,568 [Worker-73: Building workspace] WARN  o.e.m.c.i.embedder.EclipseLogger - Using platform encoding (MS949 actually) to copy filtered resources, i.e. build is platform dependent!
2025-05-08 12:29:13,568 [Worker-73: Building workspace] INFO  o.e.m.c.i.embedder.EclipseLogger - skip non existing resourceDirectory D:\MSAFullstackJava\webWorkspace\web20\src\test\resources
2025-05-08 12:29:44,194 [Worker-75: Building workspace] WARN  o.e.m.c.i.embedder.EclipseLogger - Using platform encoding (MS949 actually) to copy filtered resources, i.e. build is platform dependent!
2025-05-08 12:29:44,195 [Worker-75: Building workspace] INFO  o.e.m.c.i.embedder.EclipseLogger - skip non existing resourceDirectory D:\MSAFullstackJava\webWorkspace\web20\src\main\resources
2025-05-08 12:29:44,195 [Worker-75: Building workspace] WARN  o.e.m.c.i.embedder.EclipseLogger - Using platform encoding (MS949 actually) to copy filtered resources, i.e. build is platform dependent!
2025-05-08 12:29:44,196 [Worker-75: Building workspace] INFO  o.e.m.c.i.embedder.EclipseLogger - skip non existing resourceDirectory D:\MSAFullstackJava\webWorkspace\web20\src\test\resources
2025-05-08 12:31:38,538 [Worker-73: Building workspace] WARN  o.e.m.c.i.embedder.EclipseLogger - Using platform encoding (MS949 actually) to copy filtered resources, i.e. build is platform dependent!
2025-05-08 12:31:38,539 [Worker-73: Building workspace] INFO  o.e.m.c.i.embedder.EclipseLogger - skip non existing resourceDirectory D:\MSAFullstackJava\webWorkspace\web20\src\main\resources
2025-05-08 12:31:38,539 [Worker-73: Building workspace] WARN  o.e.m.c.i.embedder.EclipseLogger - Using platform encoding (MS949 actually) to copy filtered resources, i.e. build is platform dependent!
2025-05-08 12:31:38,540 [Worker-73: Building workspace] INFO  o.e.m.c.i.embedder.EclipseLogger - skip non existing resourceDirectory D:\MSAFullstackJava\webWorkspace\web20\src\test\resources
2025-05-08 12:31:43,662 [Worker-75: Building workspace] WARN  o.e.m.c.i.embedder.EclipseLogger - Using platform encoding (MS949 actually) to copy filtered resources, i.e. build is platform dependent!
2025-05-08 12:31:43,663 [Worker-75: Building workspace] INFO  o.e.m.c.i.embedder.EclipseLogger - skip non existing resourceDirectory D:\MSAFullstackJava\webWorkspace\web20\src\main\resources
2025-05-08 12:31:43,663 [Worker-75: Building workspace] WARN  o.e.m.c.i.embedder.EclipseLogger - Using platform encoding (MS949 actually) to copy filtered resources, i.e. build is platform dependent!
2025-05-08 12:31:43,663 [Worker-75: Building workspace] INFO  o.e.m.c.i.embedder.EclipseLogger - skip non existing resourceDirectory D:\MSAFullstackJava\webWorkspace\web20\src\test\resources
2025-05-08 12:32:37,922 [Worker-72: Building workspace] WARN  o.e.m.c.i.embedder.EclipseLogger - Using platform encoding (MS949 actually) to copy filtered resources, i.e. build is platform dependent!
2025-05-08 12:32:37,923 [Worker-72: Building workspace] INFO  o.e.m.c.i.embedder.EclipseLogger - skip non existing resourceDirectory D:\MSAFullstackJava\webWorkspace\web20\src\main\resources
2025-05-08 12:32:37,923 [Worker-72: Building workspace] WARN  o.e.m.c.i.embedder.EclipseLogger - Using platform encoding (MS949 actually) to copy filtered resources, i.e. build is platform dependent!
2025-05-08 12:32:37,924 [Worker-72: Building workspace] INFO  o.e.m.c.i.embedder.EclipseLogger - skip non existing resourceDirectory D:\MSAFullstackJava\webWorkspace\web20\src\test\resources
2025-05-08 12:32:53,333 [Worker-75: Building workspace] WARN  o.e.m.c.i.embedder.EclipseLogger - Using platform encoding (MS949 actually) to copy filtered resources, i.e. build is platform dependent!
2025-05-08 12:32:53,333 [Worker-75: Building workspace] INFO  o.e.m.c.i.embedder.EclipseLogger - skip non existing resourceDirectory D:\MSAFullstackJava\webWorkspace\web20\src\main\resources
2025-05-08 12:32:53,334 [Worker-75: Building workspace] WARN  o.e.m.c.i.embedder.EclipseLogger - Using platform encoding (MS949 actually) to copy filtered resources, i.e. build is platform dependent!
2025-05-08 12:32:53,334 [Worker-75: Building workspace] INFO  o.e.m.c.i.embedder.EclipseLogger - skip non existing resourceDirectory D:\MSAFullstackJava\webWorkspace\web20\src\test\resources
2025-05-08 12:34:38,427 [Worker-77: Building workspace] WARN  o.e.m.c.i.embedder.EclipseLogger - Using platform encoding (MS949 actually) to copy filtered resources, i.e. build is platform dependent!
2025-05-08 12:34:38,427 [Worker-77: Building workspace] INFO  o.e.m.c.i.embedder.EclipseLogger - skip non existing resourceDirectory D:\MSAFullstackJava\webWorkspace\web20\src\main\resources
2025-05-08 12:34:38,428 [Worker-77: Building workspace] WARN  o.e.m.c.i.embedder.EclipseLogger - Using platform encoding (MS949 actually) to copy filtered resources, i.e. build is platform dependent!
2025-05-08 12:34:38,428 [Worker-77: Building workspace] INFO  o.e.m.c.i.embedder.EclipseLogger - skip non existing resourceDirectory D:\MSAFullstackJava\webWorkspace\web20\src\test\resources
2025-05-08 12:36:41,893 [Worker-72: Building workspace] WARN  o.e.m.c.i.embedder.EclipseLogger - Using platform encoding (MS949 actually) to copy filtered resources, i.e. build is platform dependent!
2025-05-08 12:36:41,894 [Worker-72: Building workspace] INFO  o.e.m.c.i.embedder.EclipseLogger - skip non existing resourceDirectory D:\MSAFullstackJava\webWorkspace\web20\src\main\resources
2025-05-08 12:36:41,894 [Worker-72: Building workspace] WARN  o.e.m.c.i.embedder.EclipseLogger - Using platform encoding (MS949 actually) to copy filtered resources, i.e. build is platform dependent!
2025-05-08 12:36:41,896 [Worker-72: Building workspace] INFO  o.e.m.c.i.embedder.EclipseLogger - skip non existing resourceDirectory D:\MSAFullstackJava\webWorkspace\web20\src\test\resources
2025-05-08 12:37:02,717 [Worker-77: Building workspace] WARN  o.e.m.c.i.embedder.EclipseLogger - Using platform encoding (MS949 actually) to copy filtered resources, i.e. build is platform dependent!
2025-05-08 12:37:02,718 [Worker-77: Building workspace] INFO  o.e.m.c.i.embedder.EclipseLogger - skip non existing resourceDirectory D:\MSAFullstackJava\webWorkspace\web20\src\main\resources
2025-05-08 12:37:02,718 [Worker-77: Building workspace] WARN  o.e.m.c.i.embedder.EclipseLogger - Using platform encoding (MS949 actually) to copy filtered resources, i.e. build is platform dependent!
2025-05-08 12:37:02,719 [Worker-77: Building workspace] INFO  o.e.m.c.i.embedder.EclipseLogger - skip non existing resourceDirectory D:\MSAFullstackJava\webWorkspace\web20\src\test\resources
2025-05-08 12:37:37,868 [Worker-72: Building workspace] WARN  o.e.m.c.i.embedder.EclipseLogger - Using platform encoding (MS949 actually) to copy filtered resources, i.e. build is platform dependent!
2025-05-08 12:37:37,868 [Worker-72: Building workspace] INFO  o.e.m.c.i.embedder.EclipseLogger - skip non existing resourceDirectory D:\MSAFullstackJava\webWorkspace\web20\src\main\resources
2025-05-08 12:37:37,870 [Worker-72: Building workspace] WARN  o.e.m.c.i.embedder.EclipseLogger - Using platform encoding (MS949 actually) to copy filtered resources, i.e. build is platform dependent!
2025-05-08 12:37:37,870 [Worker-72: Building workspace] INFO  o.e.m.c.i.embedder.EclipseLogger - skip non existing resourceDirectory D:\MSAFullstackJava\webWorkspace\web20\src\test\resources
2025-05-08 12:38:17,233 [Worker-69: Building workspace] WARN  o.e.m.c.i.embedder.EclipseLogger - Using platform encoding (MS949 actually) to copy filtered resources, i.e. build is platform dependent!
2025-05-08 12:38:17,234 [Worker-69: Building workspace] INFO  o.e.m.c.i.embedder.EclipseLogger - skip non existing resourceDirectory D:\MSAFullstackJava\webWorkspace\web20\src\main\resources
2025-05-08 12:38:17,234 [Worker-69: Building workspace] WARN  o.e.m.c.i.embedder.EclipseLogger - Using platform encoding (MS949 actually) to copy filtered resources, i.e. build is platform dependent!
2025-05-08 12:38:17,235 [Worker-69: Building workspace] INFO  o.e.m.c.i.embedder.EclipseLogger - skip non existing resourceDirectory D:\MSAFullstackJava\webWorkspace\web20\src\test\resources
2025-05-08 12:38:20,880 [Worker-69: Building workspace] WARN  o.e.m.c.i.embedder.EclipseLogger - Using platform encoding (MS949 actually) to copy filtered resources, i.e. build is platform dependent!
2025-05-08 12:38:20,880 [Worker-69: Building workspace] INFO  o.e.m.c.i.embedder.EclipseLogger - skip non existing resourceDirectory D:\MSAFullstackJava\webWorkspace\web20\src\main\resources
2025-05-08 12:38:20,881 [Worker-69: Building workspace] WARN  o.e.m.c.i.embedder.EclipseLogger - Using platform encoding (MS949 actually) to copy filtered resources, i.e. build is platform dependent!
2025-05-08 12:38:20,881 [Worker-69: Building workspace] INFO  o.e.m.c.i.embedder.EclipseLogger - skip non existing resourceDirectory D:\MSAFullstackJava\webWorkspace\web20\src\test\resources
2025-05-08 12:41:10,158 [Worker-79: Building workspace] WARN  o.e.m.c.i.embedder.EclipseLogger - Using platform encoding (MS949 actually) to copy filtered resources, i.e. build is platform dependent!
2025-05-08 12:41:10,159 [Worker-79: Building workspace] INFO  o.e.m.c.i.embedder.EclipseLogger - skip non existing resourceDirectory D:\MSAFullstackJava\webWorkspace\web20\src\main\resources
2025-05-08 12:41:10,159 [Worker-79: Building workspace] WARN  o.e.m.c.i.embedder.EclipseLogger - Using platform encoding (MS949 actually) to copy filtered resources, i.e. build is platform dependent!
2025-05-08 12:41:10,160 [Worker-79: Building workspace] INFO  o.e.m.c.i.embedder.EclipseLogger - skip non existing resourceDirectory D:\MSAFullstackJava\webWorkspace\web20\src\test\resources
2025-05-08 12:45:11,429 [Worker-76: Building workspace] WARN  o.e.m.c.i.embedder.EclipseLogger - Using platform encoding (MS949 actually) to copy filtered resources, i.e. build is platform dependent!
2025-05-08 12:45:11,429 [Worker-76: Building workspace] INFO  o.e.m.c.i.embedder.EclipseLogger - skip non existing resourceDirectory D:\MSAFullstackJava\webWorkspace\web20\src\main\resources
2025-05-08 12:45:11,430 [Worker-76: Building workspace] WARN  o.e.m.c.i.embedder.EclipseLogger - Using platform encoding (MS949 actually) to copy filtered resources, i.e. build is platform dependent!
2025-05-08 12:45:11,430 [Worker-76: Building workspace] INFO  o.e.m.c.i.embedder.EclipseLogger - skip non existing resourceDirectory D:\MSAFullstackJava\webWorkspace\web20\src\test\resources
2025-05-08 12:46:38,556 [Worker-72: Building workspace] WARN  o.e.m.c.i.embedder.EclipseLogger - Using platform encoding (MS949 actually) to copy filtered resources, i.e. build is platform dependent!
2025-05-08 12:46:38,557 [Worker-72: Building workspace] INFO  o.e.m.c.i.embedder.EclipseLogger - skip non existing resourceDirectory D:\MSAFullstackJava\webWorkspace\web20\src\main\resources
2025-05-08 12:46:38,557 [Worker-72: Building workspace] WARN  o.e.m.c.i.embedder.EclipseLogger - Using platform encoding (MS949 actually) to copy filtered resources, i.e. build is platform dependent!
2025-05-08 12:46:38,558 [Worker-72: Building workspace] INFO  o.e.m.c.i.embedder.EclipseLogger - skip non existing resourceDirectory D:\MSAFullstackJava\webWorkspace\web20\src\test\resources
2025-05-08 12:47:29,153 [Worker-72: Building workspace] WARN  o.e.m.c.i.embedder.EclipseLogger - Using platform encoding (MS949 actually) to copy filtered resources, i.e. build is platform dependent!
2025-05-08 12:47:29,154 [Worker-72: Building workspace] INFO  o.e.m.c.i.embedder.EclipseLogger - skip non existing resourceDirectory D:\MSAFullstackJava\webWorkspace\web20\src\main\resources
2025-05-08 12:47:29,155 [Worker-72: Building workspace] WARN  o.e.m.c.i.embedder.EclipseLogger - Using platform encoding (MS949 actually) to copy filtered resources, i.e. build is platform dependent!
2025-05-08 12:47:29,155 [Worker-72: Building workspace] INFO  o.e.m.c.i.embedder.EclipseLogger - skip non existing resourceDirectory D:\MSAFullstackJava\webWorkspace\web20\src\test\resources
2025-05-08 12:49:56,045 [Worker-80: Building workspace] WARN  o.e.m.c.i.embedder.EclipseLogger - Using platform encoding (MS949 actually) to copy filtered resources, i.e. build is platform dependent!
2025-05-08 12:49:56,046 [Worker-80: Building workspace] INFO  o.e.m.c.i.embedder.EclipseLogger - skip non existing resourceDirectory D:\MSAFullstackJava\webWorkspace\web20\src\main\resources
2025-05-08 12:49:56,047 [Worker-80: Building workspace] WARN  o.e.m.c.i.embedder.EclipseLogger - Using platform encoding (MS949 actually) to copy filtered resources, i.e. build is platform dependent!
2025-05-08 12:49:56,047 [Worker-80: Building workspace] INFO  o.e.m.c.i.embedder.EclipseLogger - skip non existing resourceDirectory D:\MSAFullstackJava\webWorkspace\web20\src\test\resources
2025-05-08 12:50:08,255 [Worker-76: Building workspace] WARN  o.e.m.c.i.embedder.EclipseLogger - Using platform encoding (MS949 actually) to copy filtered resources, i.e. build is platform dependent!
2025-05-08 12:50:08,256 [Worker-76: Building workspace] INFO  o.e.m.c.i.embedder.EclipseLogger - skip non existing resourceDirectory D:\MSAFullstackJava\webWorkspace\web20\src\main\resources
2025-05-08 12:50:08,257 [Worker-76: Building workspace] WARN  o.e.m.c.i.embedder.EclipseLogger - Using platform encoding (MS949 actually) to copy filtered resources, i.e. build is platform dependent!
2025-05-08 12:50:08,257 [Worker-76: Building workspace] INFO  o.e.m.c.i.embedder.EclipseLogger - skip non existing resourceDirectory D:\MSAFullstackJava\webWorkspace\web20\src\test\resources
2025-05-08 12:51:06,613 [Worker-80: Building workspace] WARN  o.e.m.c.i.embedder.EclipseLogger - Using platform encoding (MS949 actually) to copy filtered resources, i.e. build is platform dependent!
2025-05-08 12:51:06,614 [Worker-80: Building workspace] INFO  o.e.m.c.i.embedder.EclipseLogger - skip non existing resourceDirectory D:\MSAFullstackJava\webWorkspace\web20\src\main\resources
2025-05-08 12:51:06,614 [Worker-80: Building workspace] WARN  o.e.m.c.i.embedder.EclipseLogger - Using platform encoding (MS949 actually) to copy filtered resources, i.e. build is platform dependent!
2025-05-08 12:51:06,614 [Worker-80: Building workspace] INFO  o.e.m.c.i.embedder.EclipseLogger - skip non existing resourceDirectory D:\MSAFullstackJava\webWorkspace\web20\src\test\resources
2025-05-08 12:51:12,792 [Worker-69: Building workspace] WARN  o.e.m.c.i.embedder.EclipseLogger - Using platform encoding (MS949 actually) to copy filtered resources, i.e. build is platform dependent!
2025-05-08 12:51:12,792 [Worker-69: Building workspace] INFO  o.e.m.c.i.embedder.EclipseLogger - skip non existing resourceDirectory D:\MSAFullstackJava\webWorkspace\web20\src\main\resources
2025-05-08 12:51:12,793 [Worker-69: Building workspace] WARN  o.e.m.c.i.embedder.EclipseLogger - Using platform encoding (MS949 actually) to copy filtered resources, i.e. build is platform dependent!
2025-05-08 12:51:12,793 [Worker-69: Building workspace] INFO  o.e.m.c.i.embedder.EclipseLogger - skip non existing resourceDirectory D:\MSAFullstackJava\webWorkspace\web20\src\test\resources
